dataset,condition_dir,strategy,graph_path,task,correct_answer,correct_answer_label,revisit_correct_answer,placeholder_node,placeholder_node_label,placeholder_node_a,placeholder_node_b,target_community_index,correct_answer_count,computation
condition_1_graph_01,condition_1,traditional,to-link-or-not/graphs/lfr/condition_1/condition_1_graph_01.json,T1,n120,120,"[{""id"": ""task-answer"", ""answer"": ""n120""}]",n120,120,,,,1,NetworkX degree; max degree with highest node-id tie break
condition_1_graph_01,condition_1,traditional,to-link-or-not/graphs/lfr/condition_1/condition_1_graph_01.json,T2,n104,104,"[{""id"": ""task-answer"", ""answer"": ""[\""n104\""]""}]",,,n001,n019,,1,"NetworkX common_neighbors(anchor A, anchor B)"
condition_1_graph_01,condition_1,traditional,to-link-or-not/graphs/lfr/condition_1/condition_1_graph_01.json,T3,n003;n009;n014;n017;n020;n022;n024;n026;n027;n028;n030;n031;n033;n038;n041;n044;n049;n052;n060;n062;n064;n066;n073;n077;n080;n083;n087;n090;n093;n094;n099;n101;n113;n115,3;9;14;17;20;22;24;26;27;28;30;31;33;38;41;44;49;52;60;62;64;66;73;77;80;83;87;90;93;94;99;101;113;115,"[{""id"": ""task-answer"", ""answer"": ""[\""n003\"", \""n009\"", \""n014\"", \""n017\"", \""n020\"", \""n022\"", \""n024\"", \""n026\"", \""n027\"", \""n028\"", \""n030\"", \""n031\"", \""n033\"", \""n038\"", \""n041\"", \""n044\"", \""n049\"", \""n052\"", \""n060\"", \""n062\"", \""n064\"", \""n066\"", \""n073\"", \""n077\"", \""n080\"", \""n083\"", \""n087\"", \""n090\"", \""n093\"", \""n094\"", \""n099\"", \""n101\"", \""n113\"", \""n115\""]""}]",n115,115,,,3,34,largest embedded LFR community; placeholder is max-degree node inside it with highest node-id tie break
condition_1_graph_02,condition_1,traditional,to-link-or-not/graphs/lfr/condition_1/condition_1_graph_02.json,T1,n120,120,"[{""id"": ""task-answer"", ""answer"": ""n120""}]",n120,120,,,,1,NetworkX degree; max degree with highest node-id tie break
condition_1_graph_02,condition_1,traditional,to-link-or-not/graphs/lfr/condition_1/condition_1_graph_02.json,T2,n114,114,"[{""id"": ""task-answer"", ""answer"": ""[\""n114\""]""}]",,,n004,n002,,1,"NetworkX common_neighbors(anchor A, anchor B)"
condition_1_graph_02,condition_1,traditional,to-link-or-not/graphs/lfr/condition_1/condition_1_graph_02.json,T3,n002;n005;n009;n019;n021;n025;n028;n030;n033;n038;n043;n046;n049;n053;n057;n058;n062;n064;n067;n072;n073;n074;n075;n076;n079;n081;n089;n092;n093;n099;n103;n104;n105;n110;n116;n117,2;5;9;19;21;25;28;30;33;38;43;46;49;53;57;58;62;64;67;72;73;74;75;76;79;81;89;92;93;99;103;104;105;110;116;117,"[{""id"": ""task-answer"", ""answer"": ""[\""n002\"", \""n005\"", \""n009\"", \""n019\"", \""n021\"", \""n025\"", \""n028\"", \""n030\"", \""n033\"", \""n038\"", \""n043\"", \""n046\"", \""n049\"", \""n053\"", \""n057\"", \""n058\"", \""n062\"", \""n064\"", \""n067\"", \""n072\"", \""n073\"", \""n074\"", \""n075\"", \""n076\"", \""n079\"", \""n081\"", \""n089\"", \""n092\"", \""n093\"", \""n099\"", \""n103\"", \""n104\"", \""n105\"", \""n110\"", \""n116\"", \""n117\""]""}]",n117,117,,,1,36,largest embedded LFR community; placeholder is max-degree node inside it with highest node-id tie break
condition_1_graph_03,condition_1,traditional,to-link-or-not/graphs/lfr/condition_1/condition_1_graph_03.json,T1,n120,120,"[{""id"": ""task-answer"", ""answer"": ""n120""}]",n120,120,,,,1,NetworkX degree; max degree with highest node-id tie break
condition_1_graph_03,condition_1,traditional,to-link-or-not/graphs/lfr/condition_1/condition_1_graph_03.json,T2,n086,86,"[{""id"": ""task-answer"", ""answer"": ""[\""n086\""]""}]",,,n002,n092,,1,"NetworkX common_neighbors(anchor A, anchor B)"
condition_1_graph_03,condition_1,traditional,to-link-or-not/graphs/lfr/condition_1/condition_1_graph_03.json,T3,n002;n004;n007;n008;n014;n017;n021;n022;n026;n031;n036;n041;n043;n044;n051;n053;n054;n056;n061;n064;n068;n069;n070;n073;n074;n080;n086;n087;n095;n097;n098;n105;n110;n115;n118;n119,2;4;7;8;14;17;21;22;26;31;36;41;43;44;51;53;54;56;61;64;68;69;70;73;74;80;86;87;95;97;98;105;110;115;118;119,"[{""id"": ""task-answer"", ""answer"": ""[\""n002\"", \""n004\"", \""n007\"", \""n008\"", \""n014\"", \""n017\"", \""n021\"", \""n022\"", \""n026\"", \""n031\"", \""n036\"", \""n041\"", \""n043\"", \""n044\"", \""n051\"", \""n053\"", \""n054\"", \""n056\"", \""n061\"", \""n064\"", \""n068\"", \""n069\"", \""n070\"", \""n073\"", \""n074\"", \""n080\"", \""n086\"", \""n087\"", \""n095\"", \""n097\"", \""n098\"", \""n105\"", \""n110\"", \""n115\"", \""n118\"", \""n119\""]""}]",n119,119,,,0,36,largest embedded LFR community; placeholder is max-degree node inside it with highest node-id tie break
condition_1_graph_04,condition_1,traditional,to-link-or-not/graphs/lfr/condition_1/condition_1_graph_04.json,T1,n120,120,"[{""id"": ""task-answer"", ""answer"": ""n120""}]",n120,120,,,,1,NetworkX degree; max degree with highest node-id tie break
condition_1_graph_04,condition_1,traditional,to-link-or-not/graphs/lfr/condition_1/condition_1_graph_04.json,T2,n081,81,"[{""id"": ""task-answer"", ""answer"": ""[\""n081\""]""}]",,,n002,n075,,1,"NetworkX common_neighbors(anchor A, anchor B)"
condition_1_graph_04,condition_1,traditional,to-link-or-not/graphs/lfr/condition_1/condition_1_graph_04.json,T3,n002;n007;n009;n010;n012;n013;n017;n020;n021;n022;n025;n029;n038;n039;n040;n042;n046;n047;n049;n051;n053;n054;n055;n056;n058;n060;n062;n063;n064;n067;n070;n071;n074;n077;n080;n081;n083;n086;n087;n089;n092;n096;n098;n099;n103;n104;n107;n109;n110;n112;n118;n120,2;7;9;10;12;13;17;20;21;22;25;29;38;39;40;42;46;47;49;51;53;54;55;56;58;60;62;63;64;67;70;71;74;77;80;81;83;86;87;89;92;96;98;99;103;104;107;109;110;112;118;120,"[{""id"": ""task-answer"", ""answer"": ""[\""n002\"", \""n007\"", \""n009\"", \""n010\"", \""n012\"", \""n013\"", \""n017\"", \""n020\"", \""n021\"", \""n022\"", \""n025\"", \""n029\"", \""n038\"", \""n039\"", \""n040\"", \""n042\"", \""n046\"", \""n047\"", \""n049\"", \""n051\"", \""n053\"", \""n054\"", \""n055\"", \""n056\"", \""n058\"", \""n060\"", \""n062\"", \""n063\"", \""n064\"", \""n067\"", \""n070\"", \""n071\"", \""n074\"", \""n077\"", \""n080\"", \""n081\"", \""n083\"", \""n086\"", \""n087\"", \""n089\"", \""n092\"", \""n096\"", \""n098\"", \""n099\"", \""n103\"", \""n104\"", \""n107\"", \""n109\"", \""n110\"", \""n112\"", \""n118\"", \""n120\""]""}]",n120,120,,,0,52,largest embedded LFR community; placeholder is max-degree node inside it with highest node-id tie break
condition_1_graph_05,condition_1,traditional,to-link-or-not/graphs/lfr/condition_1/condition_1_graph_05.json,T1,n120,120,"[{""id"": ""task-answer"", ""answer"": ""n120""}]",n120,120,,,,1,NetworkX degree; max degree with highest node-id tie break
condition_1_graph_05,condition_1,traditional,to-link-or-not/graphs/lfr/condition_1/condition_1_graph_05.json,T2,n062,62,"[{""id"": ""task-answer"", ""answer"": ""[\""n062\""]""}]",,,n001,n014,,1,"NetworkX common_neighbors(anchor A, anchor B)"
condition_1_graph_05,condition_1,traditional,to-link-or-not/graphs/lfr/condition_1/condition_1_graph_05.json,T3,n002;n003;n007;n009;n014;n021;n023;n027;n033;n040;n041;n042;n050;n052;n053;n055;n056;n059;n061;n063;n069;n071;n073;n075;n077;n081;n083;n084;n085;n090;n095;n105;n109;n110;n112;n113;n115,2;3;7;9;14;21;23;27;33;40;41;42;50;52;53;55;56;59;61;63;69;71;73;75;77;81;83;84;85;90;95;105;109;110;112;113;115,"[{""id"": ""task-answer"", ""answer"": ""[\""n002\"", \""n003\"", \""n007\"", \""n009\"", \""n014\"", \""n021\"", \""n023\"", \""n027\"", \""n033\"", \""n040\"", \""n041\"", \""n042\"", \""n050\"", \""n052\"", \""n053\"", \""n055\"", \""n056\"", \""n059\"", \""n061\"", \""n063\"", \""n069\"", \""n071\"", \""n073\"", \""n075\"", \""n077\"", \""n081\"", \""n083\"", \""n084\"", \""n085\"", \""n090\"", \""n095\"", \""n105\"", \""n109\"", \""n110\"", \""n112\"", \""n113\"", \""n115\""]""}]",n115,115,,,1,37,largest embedded LFR community; placeholder is max-degree node inside it with highest node-id tie break
condition_1_graph_06,condition_1,traditional,to-link-or-not/graphs/lfr/condition_1/condition_1_graph_06.json,T1,n120,120,"[{""id"": ""task-answer"", ""answer"": ""n120""}]",n120,120,,,,1,NetworkX degree; max degree with highest node-id tie break
condition_1_graph_06,condition_1,traditional,to-link-or-not/graphs/lfr/condition_1/condition_1_graph_06.json,T2,n115,115,"[{""id"": ""task-answer"", ""answer"": ""[\""n115\""]""}]",,,n011,n033,,1,"NetworkX common_neighbors(anchor A, anchor B)"
condition_1_graph_06,condition_1,traditional,to-link-or-not/graphs/lfr/condition_1/condition_1_graph_06.json,T3,n001;n002;n004;n007;n008;n020;n021;n022;n024;n025;n030;n032;n039;n040;n043;n049;n054;n055;n058;n060;n061;n068;n069;n071;n072;n077;n079;n086;n088;n090;n107;n108;n109;n113;n114;n119,1;2;4;7;8;20;21;22;24;25;30;32;39;40;43;49;54;55;58;60;61;68;69;71;72;77;79;86;88;90;107;108;109;113;114;119,"[{""id"": ""task-answer"", ""answer"": ""[\""n001\"", \""n002\"", \""n004\"", \""n007\"", \""n008\"", \""n020\"", \""n021\"", \""n022\"", \""n024\"", \""n025\"", \""n030\"", \""n032\"", \""n039\"", \""n040\"", \""n043\"", \""n049\"", \""n054\"", \""n055\"", \""n058\"", \""n060\"", \""n061\"", \""n068\"", \""n069\"", \""n071\"", \""n072\"", \""n077\"", \""n079\"", \""n086\"", \""n088\"", \""n090\"", \""n107\"", \""n108\"", \""n109\"", \""n113\"", \""n114\"", \""n119\""]""}]",n119,119,,,2,36,largest embedded LFR community; placeholder is max-degree node inside it with highest node-id tie break
condition_1_graph_07,condition_1,traditional,to-link-or-not/graphs/lfr/condition_1/condition_1_graph_07.json,T1,n120,120,"[{""id"": ""task-answer"", ""answer"": ""n120""}]",n120,120,,,,1,NetworkX degree; max degree with highest node-id tie break
condition_1_graph_07,condition_1,traditional,to-link-or-not/graphs/lfr/condition_1/condition_1_graph_07.json,T2,n102,102,"[{""id"": ""task-answer"", ""answer"": ""[\""n102\""]""}]",,,n004,n044,,1,"NetworkX common_neighbors(anchor A, anchor B)"
condition_1_graph_07,condition_1,traditional,to-link-or-not/graphs/lfr/condition_1/condition_1_graph_07.json,T3,n011;n015;n021;n023;n034;n039;n041;n047;n050;n056;n059;n061;n065;n068;n074;n078;n082;n083;n086;n089;n091;n095;n096;n099;n100;n106;n108;n109;n114;n115,11;15;21;23;34;39;41;47;50;56;59;61;65;68;74;78;82;83;86;89;91;95;96;99;100;106;108;109;114;115,"[{""id"": ""task-answer"", ""answer"": ""[\""n011\"", \""n015\"", \""n021\"", \""n023\"", \""n034\"", \""n039\"", \""n041\"", \""n047\"", \""n050\"", \""n056\"", \""n059\"", \""n061\"", \""n065\"", \""n068\"", \""n074\"", \""n078\"", \""n082\"", \""n083\"", \""n086\"", \""n089\"", \""n091\"", \""n095\"", \""n096\"", \""n099\"", \""n100\"", \""n106\"", \""n108\"", \""n109\"", \""n114\"", \""n115\""]""}]",n115,115,,,3,30,largest embedded LFR community; placeholder is max-degree node inside it with highest node-id tie break
condition_1_graph_08,condition_1,traditional,to-link-or-not/graphs/lfr/condition_1/condition_1_graph_08.json,T1,n120,120,"[{""id"": ""task-answer"", ""answer"": ""n120""}]",n120,120,,,,1,NetworkX degree; max degree with highest node-id tie break
condition_1_graph_08,condition_1,traditional,to-link-or-not/graphs/lfr/condition_1/condition_1_graph_08.json,T2,n108,108,"[{""id"": ""task-answer"", ""answer"": ""[\""n108\""]""}]",,,n002,n010,,1,"NetworkX common_neighbors(anchor A, anchor B)"
condition_1_graph_08,condition_1,traditional,to-link-or-not/graphs/lfr/condition_1/condition_1_graph_08.json,T3,n006;n007;n010;n012;n013;n019;n028;n029;n032;n035;n036;n039;n042;n045;n046;n048;n050;n057;n064;n066;n067;n072;n077;n085;n087;n095;n096;n099;n101;n103;n107;n108;n110;n114;n116;n118,6;7;10;12;13;19;28;29;32;35;36;39;42;45;46;48;50;57;64;66;67;72;77;85;87;95;96;99;101;103;107;108;110;114;116;118,"[{""id"": ""task-answer"", ""answer"": ""[\""n006\"", \""n007\"", \""n010\"", \""n012\"", \""n013\"", \""n019\"", \""n028\"", \""n029\"", \""n032\"", \""n035\"", \""n036\"", \""n039\"", \""n042\"", \""n045\"", \""n046\"", \""n048\"", \""n050\"", \""n057\"", \""n064\"", \""n066\"", \""n067\"", \""n072\"", \""n077\"", \""n085\"", \""n087\"", \""n095\"", \""n096\"", \""n099\"", \""n101\"", \""n103\"", \""n107\"", \""n108\"", \""n110\"", \""n114\"", \""n116\"", \""n118\""]""}]",n118,118,,,1,36,largest embedded LFR community; placeholder is max-degree node inside it with highest node-id tie break
condition_1_graph_09,condition_1,traditional,to-link-or-not/graphs/lfr/condition_1/condition_1_graph_09.json,T1,n120,120,"[{""id"": ""task-answer"", ""answer"": ""n120""}]",n120,120,,,,1,NetworkX degree; max degree with highest node-id tie break
condition_1_graph_09,condition_1,traditional,to-link-or-not/graphs/lfr/condition_1/condition_1_graph_09.json,T2,n113,113,"[{""id"": ""task-answer"", ""answer"": ""[\""n113\""]""}]",,,n001,n010,,1,"NetworkX common_neighbors(anchor A, anchor B)"
condition_1_graph_09,condition_1,traditional,to-link-or-not/graphs/lfr/condition_1/condition_1_graph_09.json,T3,n001;n005;n006;n008;n009;n011;n017;n018;n022;n023;n025;n026;n027;n028;n030;n031;n034;n036;n037;n040;n042;n045;n052;n055;n056;n059;n060;n061;n062;n063;n064;n066;n067;n069;n073;n075;n079;n083;n091;n092;n095;n098;n102;n104;n105;n106;n107;n108;n113;n114;n118,1;5;6;8;9;11;17;18;22;23;25;26;27;28;30;31;34;36;37;40;42;45;52;55;56;59;60;61;62;63;64;66;67;69;73;75;79;83;91;92;95;98;102;104;105;106;107;108;113;114;118,"[{""id"": ""task-answer"", ""answer"": ""[\""n001\"", \""n005\"", \""n006\"", \""n008\"", \""n009\"", \""n011\"", \""n017\"", \""n018\"", \""n022\"", \""n023\"", \""n025\"", \""n026\"", \""n027\"", \""n028\"", \""n030\"", \""n031\"", \""n034\"", \""n036\"", \""n037\"", \""n040\"", \""n042\"", \""n045\"", \""n052\"", \""n055\"", \""n056\"", \""n059\"", \""n060\"", \""n061\"", \""n062\"", \""n063\"", \""n064\"", \""n066\"", \""n067\"", \""n069\"", \""n073\"", \""n075\"", \""n079\"", \""n083\"", \""n091\"", \""n092\"", \""n095\"", \""n098\"", \""n102\"", \""n104\"", \""n105\"", \""n106\"", \""n107\"", \""n108\"", \""n113\"", \""n114\"", \""n118\""]""}]",n118,118,,,0,51,largest embedded LFR community; placeholder is max-degree node inside it with highest node-id tie break
condition_1_graph_10,condition_1,traditional,to-link-or-not/graphs/lfr/condition_1/condition_1_graph_10.json,T1,n120,120,"[{""id"": ""task-answer"", ""answer"": ""n120""}]",n120,120,,,,1,NetworkX degree; max degree with highest node-id tie break
condition_1_graph_10,condition_1,traditional,to-link-or-not/graphs/lfr/condition_1/condition_1_graph_10.json,T2,n105,105,"[{""id"": ""task-answer"", ""answer"": ""[\""n105\""]""}]",,,n002,n001,,1,"NetworkX common_neighbors(anchor A, anchor B)"
condition_1_graph_10,condition_1,traditional,to-link-or-not/graphs/lfr/condition_1/condition_1_graph_10.json,T3,n002;n003;n004;n007;n008;n010;n011;n016;n018;n019;n021;n022;n025;n030;n042;n043;n046;n048;n054;n060;n061;n062;n066;n067;n068;n069;n072;n076;n082;n085;n088;n090;n091;n094;n095;n098;n105;n109;n113;n116;n117;n119,2;3;4;7;8;10;11;16;18;19;21;22;25;30;42;43;46;48;54;60;61;62;66;67;68;69;72;76;82;85;88;90;91;94;95;98;105;109;113;116;117;119,"[{""id"": ""task-answer"", ""answer"": ""[\""n002\"", \""n003\"", \""n004\"", \""n007\"", \""n008\"", \""n010\"", \""n011\"", \""n016\"", \""n018\"", \""n019\"", \""n021\"", \""n022\"", \""n025\"", \""n030\"", \""n042\"", \""n043\"", \""n046\"", \""n048\"", \""n054\"", \""n060\"", \""n061\"", \""n062\"", \""n066\"", \""n067\"", \""n068\"", \""n069\"", \""n072\"", \""n076\"", \""n082\"", \""n085\"", \""n088\"", \""n090\"", \""n091\"", \""n094\"", \""n095\"", \""n098\"", \""n105\"", \""n109\"", \""n113\"", \""n116\"", \""n117\"", \""n119\""]""}]",n119,119,,,0,42,largest embedded LFR community; placeholder is max-degree node inside it with highest node-id tie break
condition_1_graph_11,condition_1,traditional,to-link-or-not/graphs/lfr/condition_1/condition_1_graph_11.json,T1,n120,120,"[{""id"": ""task-answer"", ""answer"": ""n120""}]",n120,120,,,,1,NetworkX degree; max degree with highest node-id tie break
condition_1_graph_11,condition_1,traditional,to-link-or-not/graphs/lfr/condition_1/condition_1_graph_11.json,T2,n051,51,"[{""id"": ""task-answer"", ""answer"": ""[\""n051\""]""}]",,,n002,n036,,1,"NetworkX common_neighbors(anchor A, anchor B)"
condition_1_graph_11,condition_1,traditional,to-link-or-not/graphs/lfr/condition_1/condition_1_graph_11.json,T3,n001;n004;n005;n008;n009;n012;n017;n022;n024;n025;n026;n027;n030;n033;n036;n037;n045;n046;n050;n051;n053;n056;n059;n060;n063;n064;n066;n068;n069;n080;n081;n084;n094;n095;n105;n110;n116;n117;n119;n120,1;4;5;8;9;12;17;22;24;25;26;27;30;33;36;37;45;46;50;51;53;56;59;60;63;64;66;68;69;80;81;84;94;95;105;110;116;117;119;120,"[{""id"": ""task-answer"", ""answer"": ""[\""n001\"", \""n004\"", \""n005\"", \""n008\"", \""n009\"", \""n012\"", \""n017\"", \""n022\"", \""n024\"", \""n025\"", \""n026\"", \""n027\"", \""n030\"", \""n033\"", \""n036\"", \""n037\"", \""n045\"", \""n046\"", \""n050\"", \""n051\"", \""n053\"", \""n056\"", \""n059\"", \""n060\"", \""n063\"", \""n064\"", \""n066\"", \""n068\"", \""n069\"", \""n080\"", \""n081\"", \""n084\"", \""n094\"", \""n095\"", \""n105\"", \""n110\"", \""n116\"", \""n117\"", \""n119\"", \""n120\""]""}]",n120,120,,,1,40,largest embedded LFR community; placeholder is max-degree node inside it with highest node-id tie break
condition_1_graph_12,condition_1,traditional,to-link-or-not/graphs/lfr/condition_1/condition_1_graph_12.json,T1,n120,120,"[{""id"": ""task-answer"", ""answer"": ""n120""}]",n120,120,,,,1,NetworkX degree; max degree with highest node-id tie break
condition_1_graph_12,condition_1,traditional,to-link-or-not/graphs/lfr/condition_1/condition_1_graph_12.json,T2,n102,102,"[{""id"": ""task-answer"", ""answer"": ""[\""n102\""]""}]",,,n004,n027,,1,"NetworkX common_neighbors(anchor A, anchor B)"
condition_1_graph_12,condition_1,traditional,to-link-or-not/graphs/lfr/condition_1/condition_1_graph_12.json,T3,n003;n009;n014;n015;n020;n021;n023;n024;n025;n026;n032;n033;n035;n036;n038;n041;n043;n049;n050;n053;n056;n058;n062;n063;n067;n071;n073;n077;n079;n082;n084;n085;n087;n090;n091;n092;n093;n094;n096;n098;n104;n105;n108;n111;n114;n119;n120,3;9;14;15;20;21;23;24;25;26;32;33;35;36;38;41;43;49;50;53;56;58;62;63;67;71;73;77;79;82;84;85;87;90;91;92;93;94;96;98;104;105;108;111;114;119;120,"[{""id"": ""task-answer"", ""answer"": ""[\""n003\"", \""n009\"", \""n014\"", \""n015\"", \""n020\"", \""n021\"", \""n023\"", \""n024\"", \""n025\"", \""n026\"", \""n032\"", \""n033\"", \""n035\"", \""n036\"", \""n038\"", \""n041\"", \""n043\"", \""n049\"", \""n050\"", \""n053\"", \""n056\"", \""n058\"", \""n062\"", \""n063\"", \""n067\"", \""n071\"", \""n073\"", \""n077\"", \""n079\"", \""n082\"", \""n084\"", \""n085\"", \""n087\"", \""n090\"", \""n091\"", \""n092\"", \""n093\"", \""n094\"", \""n096\"", \""n098\"", \""n104\"", \""n105\"", \""n108\"", \""n111\"", \""n114\"", \""n119\"", \""n120\""]""}]",n120,120,,,2,47,largest embedded LFR community; placeholder is max-degree node inside it with highest node-id tie break
condition_1_graph_13,condition_1,traditional,to-link-or-not/graphs/lfr/condition_1/condition_1_graph_13.json,T1,n120,120,"[{""id"": ""task-answer"", ""answer"": ""n120""}]",n120,120,,,,1,NetworkX degree; max degree with highest node-id tie break
condition_1_graph_13,condition_1,traditional,to-link-or-not/graphs/lfr/condition_1/condition_1_graph_13.json,T2,n037,37,"[{""id"": ""task-answer"", ""answer"": ""[\""n037\""]""}]",,,n019,n086,,1,"NetworkX common_neighbors(anchor A, anchor B)"
condition_1_graph_13,condition_1,traditional,to-link-or-not/graphs/lfr/condition_1/condition_1_graph_13.json,T3,n007;n011;n013;n015;n022;n023;n024;n027;n029;n034;n037;n038;n044;n046;n051;n060;n067;n072;n074;n076;n077;n086;n091;n097;n100;n103;n110;n111;n113;n117;n118;n119;n120,7;11;13;15;22;23;24;27;29;34;37;38;44;46;51;60;67;72;74;76;77;86;91;97;100;103;110;111;113;117;118;119;120,"[{""id"": ""task-answer"", ""answer"": ""[\""n007\"", \""n011\"", \""n013\"", \""n015\"", \""n022\"", \""n023\"", \""n024\"", \""n027\"", \""n029\"", \""n034\"", \""n037\"", \""n038\"", \""n044\"", \""n046\"", \""n051\"", \""n060\"", \""n067\"", \""n072\"", \""n074\"", \""n076\"", \""n077\"", \""n086\"", \""n091\"", \""n097\"", \""n100\"", \""n103\"", \""n110\"", \""n111\"", \""n113\"", \""n117\"", \""n118\"", \""n119\"", \""n120\""]""}]",n120,120,,,1,33,largest embedded LFR community; placeholder is max-degree node inside it with highest node-id tie break
condition_1_graph_14,condition_1,traditional,to-link-or-not/graphs/lfr/condition_1/condition_1_graph_14.json,T1,n120,120,"[{""id"": ""task-answer"", ""answer"": ""n120""}]",n120,120,,,,1,NetworkX degree; max degree with highest node-id tie break
condition_1_graph_14,condition_1,traditional,to-link-or-not/graphs/lfr/condition_1/condition_1_graph_14.json,T2,n081,81,"[{""id"": ""task-answer"", ""answer"": ""[\""n081\""]""}]",,,n008,n017,,1,"NetworkX common_neighbors(anchor A, anchor B)"
condition_1_graph_14,condition_1,traditional,to-link-or-not/graphs/lfr/condition_1/condition_1_graph_14.json,T3,n002;n003;n004;n005;n006;n012;n017;n018;n019;n022;n024;n032;n033;n039;n044;n049;n051;n059;n061;n064;n066;n069;n070;n074;n075;n076;n078;n081;n084;n089;n090;n091;n100;n104;n105;n108;n113;n118,2;3;4;5;6;12;17;18;19;22;24;32;33;39;44;49;51;59;61;64;66;69;70;74;75;76;78;81;84;89;90;91;100;104;105;108;113;118,"[{""id"": ""task-answer"", ""answer"": ""[\""n002\"", \""n003\"", \""n004\"", \""n005\"", \""n006\"", \""n012\"", \""n017\"", \""n018\"", \""n019\"", \""n022\"", \""n024\"", \""n032\"", \""n033\"", \""n039\"", \""n044\"", \""n049\"", \""n051\"", \""n059\"", \""n061\"", \""n064\"", \""n066\"", \""n069\"", \""n070\"", \""n074\"", \""n075\"", \""n076\"", \""n078\"", \""n081\"", \""n084\"", \""n089\"", \""n090\"", \""n091\"", \""n100\"", \""n104\"", \""n105\"", \""n108\"", \""n113\"", \""n118\""]""}]",n118,118,,,1,38,largest embedded LFR community; placeholder is max-degree node inside it with highest node-id tie break
condition_1_graph_15,condition_1,traditional,to-link-or-not/graphs/lfr/condition_1/condition_1_graph_15.json,T1,n120,120,"[{""id"": ""task-answer"", ""answer"": ""n120""}]",n120,120,,,,1,NetworkX degree; max degree with highest node-id tie break
condition_1_graph_15,condition_1,traditional,to-link-or-not/graphs/lfr/condition_1/condition_1_graph_15.json,T2,n104,104,"[{""id"": ""task-answer"", ""answer"": ""[\""n104\""]""}]",,,n008,n004,,1,"NetworkX common_neighbors(anchor A, anchor B)"
condition_1_graph_15,condition_1,traditional,to-link-or-not/graphs/lfr/condition_1/condition_1_graph_15.json,T3,n001;n006;n007;n017;n018;n023;n025;n026;n034;n035;n037;n041;n043;n046;n050;n052;n056;n057;n066;n069;n073;n074;n077;n086;n096;n098;n102;n105;n111;n113;n118;n120,1;6;7;17;18;23;25;26;34;35;37;41;43;46;50;52;56;57;66;69;73;74;77;86;96;98;102;105;111;113;118;120,"[{""id"": ""task-answer"", ""answer"": ""[\""n001\"", \""n006\"", \""n007\"", \""n017\"", \""n018\"", \""n023\"", \""n025\"", \""n026\"", \""n034\"", \""n035\"", \""n037\"", \""n041\"", \""n043\"", \""n046\"", \""n050\"", \""n052\"", \""n056\"", \""n057\"", \""n066\"", \""n069\"", \""n073\"", \""n074\"", \""n077\"", \""n086\"", \""n096\"", \""n098\"", \""n102\"", \""n105\"", \""n111\"", \""n113\"", \""n118\"", \""n120\""]""}]",n120,120,,,2,32,largest embedded LFR community; placeholder is max-degree node inside it with highest node-id tie break
condition_2_graph_01,condition_2,no-link,to-link-or-not/graphs/lfr/condition_2/condition_2_graph_01.json,T1,n120,120,"[{""id"": ""task-answer"", ""answer"": ""n120""}]",n120,120,,,,1,NetworkX degree; max degree with highest node-id tie break
condition_2_graph_01,condition_2,no-link,to-link-or-not/graphs/lfr/condition_2/condition_2_graph_01.json,T2,n102,102,"[{""id"": ""task-answer"", ""answer"": ""[\""n102\""]""}]",,,n001,n022,,1,"NetworkX common_neighbors(anchor A, anchor B)"
condition_2_graph_01,condition_2,no-link,to-link-or-not/graphs/lfr/condition_2/condition_2_graph_01.json,T3,n004;n007;n011;n012;n015;n018;n025;n027;n028;n029;n032;n033;n035;n044;n045;n050;n056;n058;n063;n074;n075;n079;n080;n081;n082;n083;n087;n094;n096;n100;n108;n109;n118,4;7;11;12;15;18;25;27;28;29;32;33;35;44;45;50;56;58;63;74;75;79;80;81;82;83;87;94;96;100;108;109;118,"[{""id"": ""task-answer"", ""answer"": ""[\""n004\"", \""n007\"", \""n011\"", \""n012\"", \""n015\"", \""n018\"", \""n025\"", \""n027\"", \""n028\"", \""n029\"", \""n032\"", \""n033\"", \""n035\"", \""n044\"", \""n045\"", \""n050\"", \""n056\"", \""n058\"", \""n063\"", \""n074\"", \""n075\"", \""n079\"", \""n080\"", \""n081\"", \""n082\"", \""n083\"", \""n087\"", \""n094\"", \""n096\"", \""n100\"", \""n108\"", \""n109\"", \""n118\""]""}]",n118,118,,,2,33,largest embedded LFR community; placeholder is max-degree node inside it with highest node-id tie break
condition_2_graph_02,condition_2,no-link,to-link-or-not/graphs/lfr/condition_2/condition_2_graph_02.json,T1,n120,120,"[{""id"": ""task-answer"", ""answer"": ""n120""}]",n120,120,,,,1,NetworkX degree; max degree with highest node-id tie break
condition_2_graph_02,condition_2,no-link,to-link-or-not/graphs/lfr/condition_2/condition_2_graph_02.json,T2,n096,96,"[{""id"": ""task-answer"", ""answer"": ""[\""n096\""]""}]",,,n003,n036,,1,"NetworkX common_neighbors(anchor A, anchor B)"
condition_2_graph_02,condition_2,no-link,to-link-or-not/graphs/lfr/condition_2/condition_2_graph_02.json,T3,n002;n004;n016;n018;n028;n032;n035;n042;n051;n059;n063;n064;n065;n071;n075;n078;n080;n084;n085;n088;n089;n090;n092;n093;n100;n101;n112;n113;n117,2;4;16;18;28;32;35;42;51;59;63;64;65;71;75;78;80;84;85;88;89;90;92;93;100;101;112;113;117,"[{""id"": ""task-answer"", ""answer"": ""[\""n002\"", \""n004\"", \""n016\"", \""n018\"", \""n028\"", \""n032\"", \""n035\"", \""n042\"", \""n051\"", \""n059\"", \""n063\"", \""n064\"", \""n065\"", \""n071\"", \""n075\"", \""n078\"", \""n080\"", \""n084\"", \""n085\"", \""n088\"", \""n089\"", \""n090\"", \""n092\"", \""n093\"", \""n100\"", \""n101\"", \""n112\"", \""n113\"", \""n117\""]""}]",n117,117,,,2,29,largest embedded LFR community; placeholder is max-degree node inside it with highest node-id tie break
condition_2_graph_03,condition_2,no-link,to-link-or-not/graphs/lfr/condition_2/condition_2_graph_03.json,T1,n120,120,"[{""id"": ""task-answer"", ""answer"": ""n120""}]",n120,120,,,,1,NetworkX degree; max degree with highest node-id tie break
condition_2_graph_03,condition_2,no-link,to-link-or-not/graphs/lfr/condition_2/condition_2_graph_03.json,T2,n101,101,"[{""id"": ""task-answer"", ""answer"": ""[\""n101\""]""}]",,,n012,n044,,1,"NetworkX common_neighbors(anchor A, anchor B)"
condition_2_graph_03,condition_2,no-link,to-link-or-not/graphs/lfr/condition_2/condition_2_graph_03.json,T3,n002;n003;n006;n008;n014;n022;n025;n027;n030;n035;n036;n047;n051;n052;n062;n063;n066;n071;n072;n074;n077;n078;n080;n084;n088;n090;n095;n100;n102;n107;n109;n119;n120,2;3;6;8;14;22;25;27;30;35;36;47;51;52;62;63;66;71;72;74;77;78;80;84;88;90;95;100;102;107;109;119;120,"[{""id"": ""task-answer"", ""answer"": ""[\""n002\"", \""n003\"", \""n006\"", \""n008\"", \""n014\"", \""n022\"", \""n025\"", \""n027\"", \""n030\"", \""n035\"", \""n036\"", \""n047\"", \""n051\"", \""n052\"", \""n062\"", \""n063\"", \""n066\"", \""n071\"", \""n072\"", \""n074\"", \""n077\"", \""n078\"", \""n080\"", \""n084\"", \""n088\"", \""n090\"", \""n095\"", \""n100\"", \""n102\"", \""n107\"", \""n109\"", \""n119\"", \""n120\""]""}]",n120,120,,,2,33,largest embedded LFR community; placeholder is max-degree node inside it with highest node-id tie break
condition_2_graph_04,condition_2,no-link,to-link-or-not/graphs/lfr/condition_2/condition_2_graph_04.json,T1,n120,120,"[{""id"": ""task-answer"", ""answer"": ""n120""}]",n120,120,,,,1,NetworkX degree; max degree with highest node-id tie break
condition_2_graph_04,condition_2,no-link,to-link-or-not/graphs/lfr/condition_2/condition_2_graph_04.json,T2,n063,63,"[{""id"": ""task-answer"", ""answer"": ""[\""n063\""]""}]",,,n001,n049,,1,"NetworkX common_neighbors(anchor A, anchor B)"
condition_2_graph_04,condition_2,no-link,to-link-or-not/graphs/lfr/condition_2/condition_2_graph_04.json,T3,n008;n014;n017;n023;n037;n041;n042;n043;n048;n053;n055;n056;n059;n065;n067;n070;n072;n073;n074;n078;n082;n083;n085;n088;n090;n093;n095;n096;n099;n100;n113;n114,8;14;17;23;37;41;42;43;48;53;55;56;59;65;67;70;72;73;74;78;82;83;85;88;90;93;95;96;99;100;113;114,"[{""id"": ""task-answer"", ""answer"": ""[\""n008\"", \""n014\"", \""n017\"", \""n023\"", \""n037\"", \""n041\"", \""n042\"", \""n043\"", \""n048\"", \""n053\"", \""n055\"", \""n056\"", \""n059\"", \""n065\"", \""n067\"", \""n070\"", \""n072\"", \""n073\"", \""n074\"", \""n078\"", \""n082\"", \""n083\"", \""n085\"", \""n088\"", \""n090\"", \""n093\"", \""n095\"", \""n096\"", \""n099\"", \""n100\"", \""n113\"", \""n114\""]""}]",n114,114,,,2,32,largest embedded LFR community; placeholder is max-degree node inside it with highest node-id tie break
condition_2_graph_05,condition_2,no-link,to-link-or-not/graphs/lfr/condition_2/condition_2_graph_05.json,T1,n120,120,"[{""id"": ""task-answer"", ""answer"": ""n120""}]",n120,120,,,,1,NetworkX degree; max degree with highest node-id tie break
condition_2_graph_05,condition_2,no-link,to-link-or-not/graphs/lfr/condition_2/condition_2_graph_05.json,T2,n051,51,"[{""id"": ""task-answer"", ""answer"": ""[\""n051\""]""}]",,,n006,n011,,1,"NetworkX common_neighbors(anchor A, anchor B)"
condition_2_graph_05,condition_2,no-link,to-link-or-not/graphs/lfr/condition_2/condition_2_graph_05.json,T3,n001;n012;n015;n016;n017;n018;n019;n021;n022;n026;n028;n031;n037;n038;n044;n046;n048;n049;n050;n059;n060;n062;n064;n071;n076;n083;n084;n088;n089;n092;n094;n097;n098;n101;n105;n109;n110;n111;n120,1;12;15;16;17;18;19;21;22;26;28;31;37;38;44;46;48;49;50;59;60;62;64;71;76;83;84;88;89;92;94;97;98;101;105;109;110;111;120,"[{""id"": ""task-answer"", ""answer"": ""[\""n001\"", \""n012\"", \""n015\"", \""n016\"", \""n017\"", \""n018\"", \""n019\"", \""n021\"", \""n022\"", \""n026\"", \""n028\"", \""n031\"", \""n037\"", \""n038\"", \""n044\"", \""n046\"", \""n048\"", \""n049\"", \""n050\"", \""n059\"", \""n060\"", \""n062\"", \""n064\"", \""n071\"", \""n076\"", \""n083\"", \""n084\"", \""n088\"", \""n089\"", \""n092\"", \""n094\"", \""n097\"", \""n098\"", \""n101\"", \""n105\"", \""n109\"", \""n110\"", \""n111\"", \""n120\""]""}]",n120,120,,,3,39,largest embedded LFR community; placeholder is max-degree node inside it with highest node-id tie break
condition_2_graph_06,condition_2,no-link,to-link-or-not/graphs/lfr/condition_2/condition_2_graph_06.json,T1,n120,120,"[{""id"": ""task-answer"", ""answer"": ""n120""}]",n120,120,,,,1,NetworkX degree; max degree with highest node-id tie break
condition_2_graph_06,condition_2,no-link,to-link-or-not/graphs/lfr/condition_2/condition_2_graph_06.json,T2,n087,87,"[{""id"": ""task-answer"", ""answer"": ""[\""n087\""]""}]",,,n002,n072,,1,"NetworkX common_neighbors(anchor A, anchor B)"
condition_2_graph_06,condition_2,no-link,to-link-or-not/graphs/lfr/condition_2/condition_2_graph_06.json,T3,n003;n004;n005;n010;n012;n013;n014;n024;n031;n035;n040;n042;n046;n049;n055;n061;n063;n064;n074;n079;n086;n088;n089;n090;n095;n098;n101;n103;n105;n108;n109;n112;n114;n118;n120,3;4;5;10;12;13;14;24;31;35;40;42;46;49;55;61;63;64;74;79;86;88;89;90;95;98;101;103;105;108;109;112;114;118;120,"[{""id"": ""task-answer"", ""answer"": ""[\""n003\"", \""n004\"", \""n005\"", \""n010\"", \""n012\"", \""n013\"", \""n014\"", \""n024\"", \""n031\"", \""n035\"", \""n040\"", \""n042\"", \""n046\"", \""n049\"", \""n055\"", \""n061\"", \""n063\"", \""n064\"", \""n074\"", \""n079\"", \""n086\"", \""n088\"", \""n089\"", \""n090\"", \""n095\"", \""n098\"", \""n101\"", \""n103\"", \""n105\"", \""n108\"", \""n109\"", \""n112\"", \""n114\"", \""n118\"", \""n120\""]""}]",n120,120,,,2,35,largest embedded LFR community; placeholder is max-degree node inside it with highest node-id tie break
condition_2_graph_07,condition_2,no-link,to-link-or-not/graphs/lfr/condition_2/condition_2_graph_07.json,T1,n120,120,"[{""id"": ""task-answer"", ""answer"": ""n120""}]",n120,120,,,,1,NetworkX degree; max degree with highest node-id tie break
condition_2_graph_07,condition_2,no-link,to-link-or-not/graphs/lfr/condition_2/condition_2_graph_07.json,T2,n118,118,"[{""id"": ""task-answer"", ""answer"": ""[\""n118\""]""}]",,,n007,n006,,1,"NetworkX common_neighbors(anchor A, anchor B)"
condition_2_graph_07,condition_2,no-link,to-link-or-not/graphs/lfr/condition_2/condition_2_graph_07.json,T3,n002;n004;n005;n006;n015;n018;n028;n034;n039;n046;n048;n057;n063;n065;n068;n069;n071;n077;n101;n102;n103;n105;n106;n107;n108;n110;n115;n118,2;4;5;6;15;18;28;34;39;46;48;57;63;65;68;69;71;77;101;102;103;105;106;107;108;110;115;118,"[{""id"": ""task-answer"", ""answer"": ""[\""n002\"", \""n004\"", \""n005\"", \""n006\"", \""n015\"", \""n018\"", \""n028\"", \""n034\"", \""n039\"", \""n046\"", \""n048\"", \""n057\"", \""n063\"", \""n065\"", \""n068\"", \""n069\"", \""n071\"", \""n077\"", \""n101\"", \""n102\"", \""n103\"", \""n105\"", \""n106\"", \""n107\"", \""n108\"", \""n110\"", \""n115\"", \""n118\""]""}]",n118,118,,,1,28,largest embedded LFR community; placeholder is max-degree node inside it with highest node-id tie break
condition_2_graph_08,condition_2,no-link,to-link-or-not/graphs/lfr/condition_2/condition_2_graph_08.json,T1,n120,120,"[{""id"": ""task-answer"", ""answer"": ""n120""}]",n120,120,,,,1,NetworkX degree; max degree with highest node-id tie break
condition_2_graph_08,condition_2,no-link,to-link-or-not/graphs/lfr/condition_2/condition_2_graph_08.json,T2,n105,105,"[{""id"": ""task-answer"", ""answer"": ""[\""n105\""]""}]",,,n012,n064,,1,"NetworkX common_neighbors(anchor A, anchor B)"
condition_2_graph_08,condition_2,no-link,to-link-or-not/graphs/lfr/condition_2/condition_2_graph_08.json,T3,n012;n014;n016;n020;n024;n036;n039;n041;n042;n044;n046;n053;n057;n058;n060;n062;n063;n069;n071;n072;n073;n074;n080;n089;n091;n092;n100;n102;n103;n104;n105;n107;n113;n114,12;14;16;20;24;36;39;41;42;44;46;53;57;58;60;62;63;69;71;72;73;74;80;89;91;92;100;102;103;104;105;107;113;114,"[{""id"": ""task-answer"", ""answer"": ""[\""n012\"", \""n014\"", \""n016\"", \""n020\"", \""n024\"", \""n036\"", \""n039\"", \""n041\"", \""n042\"", \""n044\"", \""n046\"", \""n053\"", \""n057\"", \""n058\"", \""n060\"", \""n062\"", \""n063\"", \""n069\"", \""n071\"", \""n072\"", \""n073\"", \""n074\"", \""n080\"", \""n089\"", \""n091\"", \""n092\"", \""n100\"", \""n102\"", \""n103\"", \""n104\"", \""n105\"", \""n107\"", \""n113\"", \""n114\""]""}]",n114,114,,,0,34,largest embedded LFR community; placeholder is max-degree node inside it with highest node-id tie break
condition_2_graph_09,condition_2,no-link,to-link-or-not/graphs/lfr/condition_2/condition_2_graph_09.json,T1,n120,120,"[{""id"": ""task-answer"", ""answer"": ""n120""}]",n120,120,,,,1,NetworkX degree; max degree with highest node-id tie break
condition_2_graph_09,condition_2,no-link,to-link-or-not/graphs/lfr/condition_2/condition_2_graph_09.json,T2,n011,11,"[{""id"": ""task-answer"", ""answer"": ""[\""n011\""]""}]",,,n005,n026,,1,"NetworkX common_neighbors(anchor A, anchor B)"
condition_2_graph_09,condition_2,no-link,to-link-or-not/graphs/lfr/condition_2/condition_2_graph_09.json,T3,n004;n012;n018;n019;n025;n027;n028;n029;n031;n032;n033;n034;n037;n042;n044;n049;n055;n057;n065;n068;n070;n071;n075;n076;n080;n081;n085;n086;n088;n094;n104;n112;n114;n118;n120,4;12;18;19;25;27;28;29;31;32;33;34;37;42;44;49;55;57;65;68;70;71;75;76;80;81;85;86;88;94;104;112;114;118;120,"[{""id"": ""task-answer"", ""answer"": ""[\""n004\"", \""n012\"", \""n018\"", \""n019\"", \""n025\"", \""n027\"", \""n028\"", \""n029\"", \""n031\"", \""n032\"", \""n033\"", \""n034\"", \""n037\"", \""n042\"", \""n044\"", \""n049\"", \""n055\"", \""n057\"", \""n065\"", \""n068\"", \""n070\"", \""n071\"", \""n075\"", \""n076\"", \""n080\"", \""n081\"", \""n085\"", \""n086\"", \""n088\"", \""n094\"", \""n104\"", \""n112\"", \""n114\"", \""n118\"", \""n120\""]""}]",n120,120,,,3,35,largest embedded LFR community; placeholder is max-degree node inside it with highest node-id tie break
condition_2_graph_10,condition_2,no-link,to-link-or-not/graphs/lfr/condition_2/condition_2_graph_10.json,T1,n120,120,"[{""id"": ""task-answer"", ""answer"": ""n120""}]",n120,120,,,,1,NetworkX degree; max degree with highest node-id tie break
condition_2_graph_10,condition_2,no-link,to-link-or-not/graphs/lfr/condition_2/condition_2_graph_10.json,T2,n105,105,"[{""id"": ""task-answer"", ""answer"": ""[\""n105\""]""}]",,,n010,n056,,1,"NetworkX common_neighbors(anchor A, anchor B)"
condition_2_graph_10,condition_2,no-link,to-link-or-not/graphs/lfr/condition_2/condition_2_graph_10.json,T3,n002;n003;n008;n009;n017;n019;n023;n026;n027;n028;n029;n034;n038;n043;n046;n049;n061;n066;n071;n076;n080;n081;n082;n084;n085;n089;n092;n093;n094;n095;n097;n100;n103;n105;n108;n109;n113;n116,2;3;8;9;17;19;23;26;27;28;29;34;38;43;46;49;61;66;71;76;80;81;82;84;85;89;92;93;94;95;97;100;103;105;108;109;113;116,"[{""id"": ""task-answer"", ""answer"": ""[\""n002\"", \""n003\"", \""n008\"", \""n009\"", \""n017\"", \""n019\"", \""n023\"", \""n026\"", \""n027\"", \""n028\"", \""n029\"", \""n034\"", \""n038\"", \""n043\"", \""n046\"", \""n049\"", \""n061\"", \""n066\"", \""n071\"", \""n076\"", \""n080\"", \""n081\"", \""n082\"", \""n084\"", \""n085\"", \""n089\"", \""n092\"", \""n093\"", \""n094\"", \""n095\"", \""n097\"", \""n100\"", \""n103\"", \""n105\"", \""n108\"", \""n109\"", \""n113\"", \""n116\""]""}]",n116,116,,,3,38,largest embedded LFR community; placeholder is max-degree node inside it with highest node-id tie break
condition_2_graph_11,condition_2,no-link,to-link-or-not/graphs/lfr/condition_2/condition_2_graph_11.json,T1,n120,120,"[{""id"": ""task-answer"", ""answer"": ""n120""}]",n120,120,,,,1,NetworkX degree; max degree with highest node-id tie break
condition_2_graph_11,condition_2,no-link,to-link-or-not/graphs/lfr/condition_2/condition_2_graph_11.json,T2,n108,108,"[{""id"": ""task-answer"", ""answer"": ""[\""n108\""]""}]",,,n001,n029,,1,"NetworkX common_neighbors(anchor A, anchor B)"
condition_2_graph_11,condition_2,no-link,to-link-or-not/graphs/lfr/condition_2/condition_2_graph_11.json,T3,n003;n004;n009;n012;n013;n014;n015;n021;n022;n024;n026;n030;n031;n032;n038;n043;n045;n048;n049;n052;n058;n063;n064;n066;n068;n070;n075;n079;n080;n084;n085;n086;n087;n088;n089;n092;n093;n095;n098;n111;n112;n114;n118;n119,3;4;9;12;13;14;15;21;22;24;26;30;31;32;38;43;45;48;49;52;58;63;64;66;68;70;75;79;80;84;85;86;87;88;89;92;93;95;98;111;112;114;118;119,"[{""id"": ""task-answer"", ""answer"": ""[\""n003\"", \""n004\"", \""n009\"", \""n012\"", \""n013\"", \""n014\"", \""n015\"", \""n021\"", \""n022\"", \""n024\"", \""n026\"", \""n030\"", \""n031\"", \""n032\"", \""n038\"", \""n043\"", \""n045\"", \""n048\"", \""n049\"", \""n052\"", \""n058\"", \""n063\"", \""n064\"", \""n066\"", \""n068\"", \""n070\"", \""n075\"", \""n079\"", \""n080\"", \""n084\"", \""n085\"", \""n086\"", \""n087\"", \""n088\"", \""n089\"", \""n092\"", \""n093\"", \""n095\"", \""n098\"", \""n111\"", \""n112\"", \""n114\"", \""n118\"", \""n119\""]""}]",n119,119,,,2,44,largest embedded LFR community; placeholder is max-degree node inside it with highest node-id tie break
condition_2_graph_12,condition_2,no-link,to-link-or-not/graphs/lfr/condition_2/condition_2_graph_12.json,T1,n120,120,"[{""id"": ""task-answer"", ""answer"": ""n120""}]",n120,120,,,,1,NetworkX degree; max degree with highest node-id tie break
condition_2_graph_12,condition_2,no-link,to-link-or-not/graphs/lfr/condition_2/condition_2_graph_12.json,T2,n117,117,"[{""id"": ""task-answer"", ""answer"": ""[\""n117\""]""}]",,,n009,n007,,1,"NetworkX common_neighbors(anchor A, anchor B)"
condition_2_graph_12,condition_2,no-link,to-link-or-not/graphs/lfr/condition_2/condition_2_graph_12.json,T3,n007;n022;n024;n035;n049;n053;n057;n058;n059;n061;n063;n065;n066;n072;n073;n079;n082;n083;n085;n087;n088;n090;n091;n104;n105;n109;n115;n120,7;22;24;35;49;53;57;58;59;61;63;65;66;72;73;79;82;83;85;87;88;90;91;104;105;109;115;120,"[{""id"": ""task-answer"", ""answer"": ""[\""n007\"", \""n022\"", \""n024\"", \""n035\"", \""n049\"", \""n053\"", \""n057\"", \""n058\"", \""n059\"", \""n061\"", \""n063\"", \""n065\"", \""n066\"", \""n072\"", \""n073\"", \""n079\"", \""n082\"", \""n083\"", \""n085\"", \""n087\"", \""n088\"", \""n090\"", \""n091\"", \""n104\"", \""n105\"", \""n109\"", \""n115\"", \""n120\""]""}]",n120,120,,,1,28,largest embedded LFR community; placeholder is max-degree node inside it with highest node-id tie break
condition_2_graph_13,condition_2,no-link,to-link-or-not/graphs/lfr/condition_2/condition_2_graph_13.json,T1,n120,120,"[{""id"": ""task-answer"", ""answer"": ""n120""}]",n120,120,,,,1,NetworkX degree; max degree with highest node-id tie break
condition_2_graph_13,condition_2,no-link,to-link-or-not/graphs/lfr/condition_2/condition_2_graph_13.json,T2,n068,68,"[{""id"": ""task-answer"", ""answer"": ""[\""n068\""]""}]",,,n002,n033,,1,"NetworkX common_neighbors(anchor A, anchor B)"
condition_2_graph_13,condition_2,no-link,to-link-or-not/graphs/lfr/condition_2/condition_2_graph_13.json,T3,n001;n003;n009;n011;n019;n030;n031;n033;n034;n037;n040;n044;n045;n046;n048;n050;n057;n061;n065;n069;n071;n072;n074;n083;n084;n086;n090;n091;n093;n094;n099;n105;n107;n114;n115;n118,1;3;9;11;19;30;31;33;34;37;40;44;45;46;48;50;57;61;65;69;71;72;74;83;84;86;90;91;93;94;99;105;107;114;115;118,"[{""id"": ""task-answer"", ""answer"": ""[\""n001\"", \""n003\"", \""n009\"", \""n011\"", \""n019\"", \""n030\"", \""n031\"", \""n033\"", \""n034\"", \""n037\"", \""n040\"", \""n044\"", \""n045\"", \""n046\"", \""n048\"", \""n050\"", \""n057\"", \""n061\"", \""n065\"", \""n069\"", \""n071\"", \""n072\"", \""n074\"", \""n083\"", \""n084\"", \""n086\"", \""n090\"", \""n091\"", \""n093\"", \""n094\"", \""n099\"", \""n105\"", \""n107\"", \""n114\"", \""n115\"", \""n118\""]""}]",n118,118,,,1,36,largest embedded LFR community; placeholder is max-degree node inside it with highest node-id tie break
condition_2_graph_14,condition_2,no-link,to-link-or-not/graphs/lfr/condition_2/condition_2_graph_14.json,T1,n120,120,"[{""id"": ""task-answer"", ""answer"": ""n120""}]",n120,120,,,,1,NetworkX degree; max degree with highest node-id tie break
condition_2_graph_14,condition_2,no-link,to-link-or-not/graphs/lfr/condition_2/condition_2_graph_14.json,T2,n068,68,"[{""id"": ""task-answer"", ""answer"": ""[\""n068\""]""}]",,,n007,n044,,1,"NetworkX common_neighbors(anchor A, anchor B)"
condition_2_graph_14,condition_2,no-link,to-link-or-not/graphs/lfr/condition_2/condition_2_graph_14.json,T3,n001;n002;n004;n011;n015;n017;n019;n028;n030;n032;n034;n035;n036;n037;n043;n049;n054;n057;n062;n066;n075;n079;n080;n081;n086;n087;n088;n093;n094;n097;n101;n102;n107;n110;n114;n119,1;2;4;11;15;17;19;28;30;32;34;35;36;37;43;49;54;57;62;66;75;79;80;81;86;87;88;93;94;97;101;102;107;110;114;119,"[{""id"": ""task-answer"", ""answer"": ""[\""n001\"", \""n002\"", \""n004\"", \""n011\"", \""n015\"", \""n017\"", \""n019\"", \""n028\"", \""n030\"", \""n032\"", \""n034\"", \""n035\"", \""n036\"", \""n037\"", \""n043\"", \""n049\"", \""n054\"", \""n057\"", \""n062\"", \""n066\"", \""n075\"", \""n079\"", \""n080\"", \""n081\"", \""n086\"", \""n087\"", \""n088\"", \""n093\"", \""n094\"", \""n097\"", \""n101\"", \""n102\"", \""n107\"", \""n110\"", \""n114\"", \""n119\""]""}]",n119,119,,,2,36,largest embedded LFR community; placeholder is max-degree node inside it with highest node-id tie break
condition_2_graph_15,condition_2,no-link,to-link-or-not/graphs/lfr/condition_2/condition_2_graph_15.json,T1,n120,120,"[{""id"": ""task-answer"", ""answer"": ""n120""}]",n120,120,,,,1,NetworkX degree; max degree with highest node-id tie break
condition_2_graph_15,condition_2,no-link,to-link-or-not/graphs/lfr/condition_2/condition_2_graph_15.json,T2,n089,89,"[{""id"": ""task-answer"", ""answer"": ""[\""n089\""]""}]",,,n001,n015,,1,"NetworkX common_neighbors(anchor A, anchor B)"
condition_2_graph_15,condition_2,no-link,to-link-or-not/graphs/lfr/condition_2/condition_2_graph_15.json,T3,n005;n007;n008;n011;n015;n016;n017;n025;n027;n029;n030;n031;n033;n040;n041;n046;n047;n052;n053;n054;n057;n061;n063;n064;n066;n068;n070;n073;n075;n079;n081;n090;n091;n094;n095;n099;n100;n101;n102;n105;n108;n112,5;7;8;11;15;16;17;25;27;29;30;31;33;40;41;46;47;52;53;54;57;61;63;64;66;68;70;73;75;79;81;90;91;94;95;99;100;101;102;105;108;112,"[{""id"": ""task-answer"", ""answer"": ""[\""n005\"", \""n007\"", \""n008\"", \""n011\"", \""n015\"", \""n016\"", \""n017\"", \""n025\"", \""n027\"", \""n029\"", \""n030\"", \""n031\"", \""n033\"", \""n040\"", \""n041\"", \""n046\"", \""n047\"", \""n052\"", \""n053\"", \""n054\"", \""n057\"", \""n061\"", \""n063\"", \""n064\"", \""n066\"", \""n068\"", \""n070\"", \""n073\"", \""n075\"", \""n079\"", \""n081\"", \""n090\"", \""n091\"", \""n094\"", \""n095\"", \""n099\"", \""n100\"", \""n101\"", \""n102\"", \""n105\"", \""n108\"", \""n112\""]""}]",n112,112,,,1,42,largest embedded LFR community; placeholder is max-degree node inside it with highest node-id tie break
condition_3_graph_01,condition_3,on-demand,to-link-or-not/graphs/lfr/condition_3/condition_3_graph_01.json,T1,n120,120,"[{""id"": ""task-answer"", ""answer"": ""n120""}]",n120,120,,,,1,NetworkX degree; max degree with highest node-id tie break
condition_3_graph_01,condition_3,on-demand,to-link-or-not/graphs/lfr/condition_3/condition_3_graph_01.json,T2,n025,25,"[{""id"": ""task-answer"", ""answer"": ""[\""n025\""]""}]",,,n008,n037,,1,"NetworkX common_neighbors(anchor A, anchor B)"
condition_3_graph_01,condition_3,on-demand,to-link-or-not/graphs/lfr/condition_3/condition_3_graph_01.json,T3,n002;n004;n012;n015;n024;n027;n030;n031;n032;n035;n038;n039;n044;n057;n060;n063;n064;n075;n077;n080;n085;n086;n090;n091;n093;n094;n097;n101;n102;n106;n109;n111;n113;n116,2;4;12;15;24;27;30;31;32;35;38;39;44;57;60;63;64;75;77;80;85;86;90;91;93;94;97;101;102;106;109;111;113;116,"[{""id"": ""task-answer"", ""answer"": ""[\""n002\"", \""n004\"", \""n012\"", \""n015\"", \""n024\"", \""n027\"", \""n030\"", \""n031\"", \""n032\"", \""n035\"", \""n038\"", \""n039\"", \""n044\"", \""n057\"", \""n060\"", \""n063\"", \""n064\"", \""n075\"", \""n077\"", \""n080\"", \""n085\"", \""n086\"", \""n090\"", \""n091\"", \""n093\"", \""n094\"", \""n097\"", \""n101\"", \""n102\"", \""n106\"", \""n109\"", \""n111\"", \""n113\"", \""n116\""]""}]",n116,116,,,2,34,largest embedded LFR community; placeholder is max-degree node inside it with highest node-id tie break
condition_3_graph_02,condition_3,on-demand,to-link-or-not/graphs/lfr/condition_3/condition_3_graph_02.json,T1,n120,120,"[{""id"": ""task-answer"", ""answer"": ""n120""}]",n120,120,,,,1,NetworkX degree; max degree with highest node-id tie break
condition_3_graph_02,condition_3,on-demand,to-link-or-not/graphs/lfr/condition_3/condition_3_graph_02.json,T2,n106,106,"[{""id"": ""task-answer"", ""answer"": ""[\""n106\""]""}]",,,n008,n101,,1,"NetworkX common_neighbors(anchor A, anchor B)"
condition_3_graph_02,condition_3,on-demand,to-link-or-not/graphs/lfr/condition_3/condition_3_graph_02.json,T3,n001;n009;n011;n014;n023;n025;n031;n034;n037;n046;n048;n050;n064;n065;n066;n071;n076;n079;n082;n085;n086;n090;n091;n093;n096;n099;n103;n113;n116;n119,1;9;11;14;23;25;31;34;37;46;48;50;64;65;66;71;76;79;82;85;86;90;91;93;96;99;103;113;116;119,"[{""id"": ""task-answer"", ""answer"": ""[\""n001\"", \""n009\"", \""n011\"", \""n014\"", \""n023\"", \""n025\"", \""n031\"", \""n034\"", \""n037\"", \""n046\"", \""n048\"", \""n050\"", \""n064\"", \""n065\"", \""n066\"", \""n071\"", \""n076\"", \""n079\"", \""n082\"", \""n085\"", \""n086\"", \""n090\"", \""n091\"", \""n093\"", \""n096\"", \""n099\"", \""n103\"", \""n113\"", \""n116\"", \""n119\""]""}]",n119,119,,,3,30,largest embedded LFR community; placeholder is max-degree node inside it with highest node-id tie break
condition_3_graph_03,condition_3,on-demand,to-link-or-not/graphs/lfr/condition_3/condition_3_graph_03.json,T1,n120,120,"[{""id"": ""task-answer"", ""answer"": ""n120""}]",n120,120,,,,1,NetworkX degree; max degree with highest node-id tie break
condition_3_graph_03,condition_3,on-demand,to-link-or-not/graphs/lfr/condition_3/condition_3_graph_03.json,T2,n093,93,"[{""id"": ""task-answer"", ""answer"": ""[\""n093\""]""}]",,,n001,n009,,1,"NetworkX common_neighbors(anchor A, anchor B)"
condition_3_graph_03,condition_3,on-demand,to-link-or-not/graphs/lfr/condition_3/condition_3_graph_03.json,T3,n001;n005;n010;n015;n020;n021;n024;n028;n029;n035;n036;n037;n038;n039;n043;n047;n054;n057;n062;n065;n066;n067;n071;n073;n074;n083;n087;n089;n090;n097;n098;n101;n105;n106;n114;n116,1;5;10;15;20;21;24;28;29;35;36;37;38;39;43;47;54;57;62;65;66;67;71;73;74;83;87;89;90;97;98;101;105;106;114;116,"[{""id"": ""task-answer"", ""answer"": ""[\""n001\"", \""n005\"", \""n010\"", \""n015\"", \""n020\"", \""n021\"", \""n024\"", \""n028\"", \""n029\"", \""n035\"", \""n036\"", \""n037\"", \""n038\"", \""n039\"", \""n043\"", \""n047\"", \""n054\"", \""n057\"", \""n062\"", \""n065\"", \""n066\"", \""n067\"", \""n071\"", \""n073\"", \""n074\"", \""n083\"", \""n087\"", \""n089\"", \""n090\"", \""n097\"", \""n098\"", \""n101\"", \""n105\"", \""n106\"", \""n114\"", \""n116\""]""}]",n116,116,,,0,36,largest embedded LFR community; placeholder is max-degree node inside it with highest node-id tie break
condition_3_graph_04,condition_3,on-demand,to-link-or-not/graphs/lfr/condition_3/condition_3_graph_04.json,T1,n120,120,"[{""id"": ""task-answer"", ""answer"": ""n120""}]",n120,120,,,,1,NetworkX degree; max degree with highest node-id tie break
condition_3_graph_04,condition_3,on-demand,to-link-or-not/graphs/lfr/condition_3/condition_3_graph_04.json,T2,n110,110,"[{""id"": ""task-answer"", ""answer"": ""[\""n110\""]""}]",,,n003,n089,,1,"NetworkX common_neighbors(anchor A, anchor B)"
condition_3_graph_04,condition_3,on-demand,to-link-or-not/graphs/lfr/condition_3/condition_3_graph_04.json,T3,n001;n004;n011;n013;n016;n018;n024;n028;n030;n031;n039;n043;n044;n050;n052;n056;n060;n066;n067;n072;n080;n081;n086;n095;n098;n100;n103;n104;n106;n111;n114;n115;n120,1;4;11;13;16;18;24;28;30;31;39;43;44;50;52;56;60;66;67;72;80;81;86;95;98;100;103;104;106;111;114;115;120,"[{""id"": ""task-answer"", ""answer"": ""[\""n001\"", \""n004\"", \""n011\"", \""n013\"", \""n016\"", \""n018\"", \""n024\"", \""n028\"", \""n030\"", \""n031\"", \""n039\"", \""n043\"", \""n044\"", \""n050\"", \""n052\"", \""n056\"", \""n060\"", \""n066\"", \""n067\"", \""n072\"", \""n080\"", \""n081\"", \""n086\"", \""n095\"", \""n098\"", \""n100\"", \""n103\"", \""n104\"", \""n106\"", \""n111\"", \""n114\"", \""n115\"", \""n120\""]""}]",n120,120,,,2,33,largest embedded LFR community; placeholder is max-degree node inside it with highest node-id tie break
condition_3_graph_05,condition_3,on-demand,to-link-or-not/graphs/lfr/condition_3/condition_3_graph_05.json,T1,n120,120,"[{""id"": ""task-answer"", ""answer"": ""n120""}]",n120,120,,,,1,NetworkX degree; max degree with highest node-id tie break
condition_3_graph_05,condition_3,on-demand,to-link-or-not/graphs/lfr/condition_3/condition_3_graph_05.json,T2,n114,114,"[{""id"": ""task-answer"", ""answer"": ""[\""n114\""]""}]",,,n001,n034,,1,"NetworkX common_neighbors(anchor A, anchor B)"
condition_3_graph_05,condition_3,on-demand,to-link-or-not/graphs/lfr/condition_3/condition_3_graph_05.json,T3,n004;n006;n014;n016;n018;n019;n020;n030;n040;n046;n047;n049;n050;n060;n070;n076;n082;n083;n092;n094;n095;n096;n099;n103;n107;n108;n113;n118,4;6;14;16;18;19;20;30;40;46;47;49;50;60;70;76;82;83;92;94;95;96;99;103;107;108;113;118,"[{""id"": ""task-answer"", ""answer"": ""[\""n004\"", \""n006\"", \""n014\"", \""n016\"", \""n018\"", \""n019\"", \""n020\"", \""n030\"", \""n040\"", \""n046\"", \""n047\"", \""n049\"", \""n050\"", \""n060\"", \""n070\"", \""n076\"", \""n082\"", \""n083\"", \""n092\"", \""n094\"", \""n095\"", \""n096\"", \""n099\"", \""n103\"", \""n107\"", \""n108\"", \""n113\"", \""n118\""]""}]",n118,118,,,4,28,largest embedded LFR community; placeholder is max-degree node inside it with highest node-id tie break
condition_3_graph_06,condition_3,on-demand,to-link-or-not/graphs/lfr/condition_3/condition_3_graph_06.json,T1,n120,120,"[{""id"": ""task-answer"", ""answer"": ""n120""}]",n120,120,,,,1,NetworkX degree; max degree with highest node-id tie break
condition_3_graph_06,condition_3,on-demand,to-link-or-not/graphs/lfr/condition_3/condition_3_graph_06.json,T2,n115,115,"[{""id"": ""task-answer"", ""answer"": ""[\""n115\""]""}]",,,n002,n106,,1,"NetworkX common_neighbors(anchor A, anchor B)"
condition_3_graph_06,condition_3,on-demand,to-link-or-not/graphs/lfr/condition_3/condition_3_graph_06.json,T3,n001;n012;n020;n028;n029;n040;n048;n050;n061;n065;n070;n072;n073;n074;n084;n086;n087;n095;n103;n104;n108;n112;n117;n119;n120,1;12;20;28;29;40;48;50;61;65;70;72;73;74;84;86;87;95;103;104;108;112;117;119;120,"[{""id"": ""task-answer"", ""answer"": ""[\""n001\"", \""n012\"", \""n020\"", \""n028\"", \""n029\"", \""n040\"", \""n048\"", \""n050\"", \""n061\"", \""n065\"", \""n070\"", \""n072\"", \""n073\"", \""n074\"", \""n084\"", \""n086\"", \""n087\"", \""n095\"", \""n103\"", \""n104\"", \""n108\"", \""n112\"", \""n117\"", \""n119\"", \""n120\""]""}]",n120,120,,,3,25,largest embedded LFR community; placeholder is max-degree node inside it with highest node-id tie break
condition_3_graph_07,condition_3,on-demand,to-link-or-not/graphs/lfr/condition_3/condition_3_graph_07.json,T1,n120,120,"[{""id"": ""task-answer"", ""answer"": ""n120""}]",n120,120,,,,1,NetworkX degree; max degree with highest node-id tie break
condition_3_graph_07,condition_3,on-demand,to-link-or-not/graphs/lfr/condition_3/condition_3_graph_07.json,T2,n080,80,"[{""id"": ""task-answer"", ""answer"": ""[\""n080\""]""}]",,,n001,n021,,1,"NetworkX common_neighbors(anchor A, anchor B)"
condition_3_graph_07,condition_3,on-demand,to-link-or-not/graphs/lfr/condition_3/condition_3_graph_07.json,T3,n003;n008;n012;n013;n015;n018;n021;n031;n037;n039;n040;n041;n044;n050;n052;n053;n055;n060;n068;n071;n081;n083;n084;n086;n087;n092;n094;n097;n099;n101;n104;n105;n114;n118,3;8;12;13;15;18;21;31;37;39;40;41;44;50;52;53;55;60;68;71;81;83;84;86;87;92;94;97;99;101;104;105;114;118,"[{""id"": ""task-answer"", ""answer"": ""[\""n003\"", \""n008\"", \""n012\"", \""n013\"", \""n015\"", \""n018\"", \""n021\"", \""n031\"", \""n037\"", \""n039\"", \""n040\"", \""n041\"", \""n044\"", \""n050\"", \""n052\"", \""n053\"", \""n055\"", \""n060\"", \""n068\"", \""n071\"", \""n081\"", \""n083\"", \""n084\"", \""n086\"", \""n087\"", \""n092\"", \""n094\"", \""n097\"", \""n099\"", \""n101\"", \""n104\"", \""n105\"", \""n114\"", \""n118\""]""}]",n118,118,,,1,34,largest embedded LFR community; placeholder is max-degree node inside it with highest node-id tie break
condition_3_graph_08,condition_3,on-demand,to-link-or-not/graphs/lfr/condition_3/condition_3_graph_08.json,T1,n120,120,"[{""id"": ""task-answer"", ""answer"": ""n120""}]",n120,120,,,,1,NetworkX degree; max degree with highest node-id tie break
condition_3_graph_08,condition_3,on-demand,to-link-or-not/graphs/lfr/condition_3/condition_3_graph_08.json,T2,n114,114,"[{""id"": ""task-answer"", ""answer"": ""[\""n114\""]""}]",,,n005,n108,,1,"NetworkX common_neighbors(anchor A, anchor B)"
condition_3_graph_08,condition_3,on-demand,to-link-or-not/graphs/lfr/condition_3/condition_3_graph_08.json,T3,n005;n006;n010;n012;n019;n023;n025;n026;n041;n049;n050;n052;n054;n055;n057;n064;n068;n072;n075;n076;n089;n093;n094;n098;n099;n104;n105;n114;n117,5;6;10;12;19;23;25;26;41;49;50;52;54;55;57;64;68;72;75;76;89;93;94;98;99;104;105;114;117,"[{""id"": ""task-answer"", ""answer"": ""[\""n005\"", \""n006\"", \""n010\"", \""n012\"", \""n019\"", \""n023\"", \""n025\"", \""n026\"", \""n041\"", \""n049\"", \""n050\"", \""n052\"", \""n054\"", \""n055\"", \""n057\"", \""n064\"", \""n068\"", \""n072\"", \""n075\"", \""n076\"", \""n089\"", \""n093\"", \""n094\"", \""n098\"", \""n099\"", \""n104\"", \""n105\"", \""n114\"", \""n117\""]""}]",n117,117,,,0,29,largest embedded LFR community; placeholder is max-degree node inside it with highest node-id tie break
condition_3_graph_09,condition_3,on-demand,to-link-or-not/graphs/lfr/condition_3/condition_3_graph_09.json,T1,n120,120,"[{""id"": ""task-answer"", ""answer"": ""n120""}]",n120,120,,,,1,NetworkX degree; max degree with highest node-id tie break
condition_3_graph_09,condition_3,on-demand,to-link-or-not/graphs/lfr/condition_3/condition_3_graph_09.json,T2,n109,109,"[{""id"": ""task-answer"", ""answer"": ""[\""n109\""]""}]",,,n003,n001,,1,"NetworkX common_neighbors(anchor A, anchor B)"
condition_3_graph_09,condition_3,on-demand,to-link-or-not/graphs/lfr/condition_3/condition_3_graph_09.json,T3,n002;n005;n024;n026;n029;n030;n031;n032;n037;n041;n047;n050;n052;n054;n058;n060;n062;n063;n065;n066;n068;n069;n070;n073;n076;n088;n101;n104;n110;n116;n117;n118;n119;n120,2;5;24;26;29;30;31;32;37;41;47;50;52;54;58;60;62;63;65;66;68;69;70;73;76;88;101;104;110;116;117;118;119;120,"[{""id"": ""task-answer"", ""answer"": ""[\""n002\"", \""n005\"", \""n024\"", \""n026\"", \""n029\"", \""n030\"", \""n031\"", \""n032\"", \""n037\"", \""n041\"", \""n047\"", \""n050\"", \""n052\"", \""n054\"", \""n058\"", \""n060\"", \""n062\"", \""n063\"", \""n065\"", \""n066\"", \""n068\"", \""n069\"", \""n070\"", \""n073\"", \""n076\"", \""n088\"", \""n101\"", \""n104\"", \""n110\"", \""n116\"", \""n117\"", \""n118\"", \""n119\"", \""n120\""]""}]",n120,120,,,2,34,largest embedded LFR community; placeholder is max-degree node inside it with highest node-id tie break
condition_3_graph_10,condition_3,on-demand,to-link-or-not/graphs/lfr/condition_3/condition_3_graph_10.json,T1,n120,120,"[{""id"": ""task-answer"", ""answer"": ""n120""}]",n120,120,,,,1,NetworkX degree; max degree with highest node-id tie break
condition_3_graph_10,condition_3,on-demand,to-link-or-not/graphs/lfr/condition_3/condition_3_graph_10.json,T2,n116,116,"[{""id"": ""task-answer"", ""answer"": ""[\""n116\""]""}]",,,n001,n002,,1,"NetworkX common_neighbors(anchor A, anchor B)"
condition_3_graph_10,condition_3,on-demand,to-link-or-not/graphs/lfr/condition_3/condition_3_graph_10.json,T3,n001;n004;n007;n008;n009;n013;n025;n037;n038;n040;n041;n042;n044;n045;n047;n050;n051;n052;n058;n060;n062;n070;n077;n078;n080;n082;n083;n084;n086;n088;n090;n091;n093;n094;n096;n098;n101;n106;n108;n109;n113;n120,1;4;7;8;9;13;25;37;38;40;41;42;44;45;47;50;51;52;58;60;62;70;77;78;80;82;83;84;86;88;90;91;93;94;96;98;101;106;108;109;113;120,"[{""id"": ""task-answer"", ""answer"": ""[\""n001\"", \""n004\"", \""n007\"", \""n008\"", \""n009\"", \""n013\"", \""n025\"", \""n037\"", \""n038\"", \""n040\"", \""n041\"", \""n042\"", \""n044\"", \""n045\"", \""n047\"", \""n050\"", \""n051\"", \""n052\"", \""n058\"", \""n060\"", \""n062\"", \""n070\"", \""n077\"", \""n078\"", \""n080\"", \""n082\"", \""n083\"", \""n084\"", \""n086\"", \""n088\"", \""n090\"", \""n091\"", \""n093\"", \""n094\"", \""n096\"", \""n098\"", \""n101\"", \""n106\"", \""n108\"", \""n109\"", \""n113\"", \""n120\""]""}]",n120,120,,,0,42,largest embedded LFR community; placeholder is max-degree node inside it with highest node-id tie break
condition_3_graph_11,condition_3,on-demand,to-link-or-not/graphs/lfr/condition_3/condition_3_graph_11.json,T1,n120,120,"[{""id"": ""task-answer"", ""answer"": ""n120""}]",n120,120,,,,1,NetworkX degree; max degree with highest node-id tie break
condition_3_graph_11,condition_3,on-demand,to-link-or-not/graphs/lfr/condition_3/condition_3_graph_11.json,T2,n114,114,"[{""id"": ""task-answer"", ""answer"": ""[\""n114\""]""}]",,,n003,n078,,1,"NetworkX common_neighbors(anchor A, anchor B)"
condition_3_graph_11,condition_3,on-demand,to-link-or-not/graphs/lfr/condition_3/condition_3_graph_11.json,T3,n003;n006;n010;n023;n024;n025;n026;n027;n033;n038;n039;n042;n044;n047;n048;n056;n057;n059;n062;n064;n068;n071;n086;n089;n099;n104;n106;n107;n108;n114,3;6;10;23;24;25;26;27;33;38;39;42;44;47;48;56;57;59;62;64;68;71;86;89;99;104;106;107;108;114,"[{""id"": ""task-answer"", ""answer"": ""[\""n003\"", \""n006\"", \""n010\"", \""n023\"", \""n024\"", \""n025\"", \""n026\"", \""n027\"", \""n033\"", \""n038\"", \""n039\"", \""n042\"", \""n044\"", \""n047\"", \""n048\"", \""n056\"", \""n057\"", \""n059\"", \""n062\"", \""n064\"", \""n068\"", \""n071\"", \""n086\"", \""n089\"", \""n099\"", \""n104\"", \""n106\"", \""n107\"", \""n108\"", \""n114\""]""}]",n114,114,,,0,30,largest embedded LFR community; placeholder is max-degree node inside it with highest node-id tie break
condition_3_graph_12,condition_3,on-demand,to-link-or-not/graphs/lfr/condition_3/condition_3_graph_12.json,T1,n120,120,"[{""id"": ""task-answer"", ""answer"": ""n120""}]",n120,120,,,,1,NetworkX degree; max degree with highest node-id tie break
condition_3_graph_12,condition_3,on-demand,to-link-or-not/graphs/lfr/condition_3/condition_3_graph_12.json,T2,n109;n114,109;114,"[{""id"": ""task-answer"", ""answer"": ""[\""n109\"", \""n114\""]""}]",,,n008,n095,,2,"NetworkX common_neighbors(anchor A, anchor B)"
condition_3_graph_12,condition_3,on-demand,to-link-or-not/graphs/lfr/condition_3/condition_3_graph_12.json,T3,n001;n004;n005;n013;n017;n027;n028;n033;n038;n041;n042;n043;n045;n047;n050;n051;n052;n054;n057;n062;n067;n070;n078;n095;n098;n102;n104;n105;n106,1;4;5;13;17;27;28;33;38;41;42;43;45;47;50;51;52;54;57;62;67;70;78;95;98;102;104;105;106,"[{""id"": ""task-answer"", ""answer"": ""[\""n001\"", \""n004\"", \""n005\"", \""n013\"", \""n017\"", \""n027\"", \""n028\"", \""n033\"", \""n038\"", \""n041\"", \""n042\"", \""n043\"", \""n045\"", \""n047\"", \""n050\"", \""n051\"", \""n052\"", \""n054\"", \""n057\"", \""n062\"", \""n067\"", \""n070\"", \""n078\"", \""n095\"", \""n098\"", \""n102\"", \""n104\"", \""n105\"", \""n106\""]""}]",n106,106,,,1,29,largest embedded LFR community; placeholder is max-degree node inside it with highest node-id tie break
condition_3_graph_13,condition_3,on-demand,to-link-or-not/graphs/lfr/condition_3/condition_3_graph_13.json,T1,n120,120,"[{""id"": ""task-answer"", ""answer"": ""n120""}]",n120,120,,,,1,NetworkX degree; max degree with highest node-id tie break
condition_3_graph_13,condition_3,on-demand,to-link-or-not/graphs/lfr/condition_3/condition_3_graph_13.json,T2,n109,109,"[{""id"": ""task-answer"", ""answer"": ""[\""n109\""]""}]",,,n002,n020,,1,"NetworkX common_neighbors(anchor A, anchor B)"
condition_3_graph_13,condition_3,on-demand,to-link-or-not/graphs/lfr/condition_3/condition_3_graph_13.json,T3,n002;n003;n015;n018;n019;n022;n023;n025;n028;n031;n032;n039;n042;n046;n049;n052;n054;n070;n073;n076;n077;n079;n081;n083;n086;n089;n095;n097;n100;n108;n110;n113;n117,2;3;15;18;19;22;23;25;28;31;32;39;42;46;49;52;54;70;73;76;77;79;81;83;86;89;95;97;100;108;110;113;117,"[{""id"": ""task-answer"", ""answer"": ""[\""n002\"", \""n003\"", \""n015\"", \""n018\"", \""n019\"", \""n022\"", \""n023\"", \""n025\"", \""n028\"", \""n031\"", \""n032\"", \""n039\"", \""n042\"", \""n046\"", \""n049\"", \""n052\"", \""n054\"", \""n070\"", \""n073\"", \""n076\"", \""n077\"", \""n079\"", \""n081\"", \""n083\"", \""n086\"", \""n089\"", \""n095\"", \""n097\"", \""n100\"", \""n108\"", \""n110\"", \""n113\"", \""n117\""]""}]",n117,117,,,0,33,largest embedded LFR community; placeholder is max-degree node inside it with highest node-id tie break
condition_3_graph_14,condition_3,on-demand,to-link-or-not/graphs/lfr/condition_3/condition_3_graph_14.json,T1,n120,120,"[{""id"": ""task-answer"", ""answer"": ""n120""}]",n120,120,,,,1,NetworkX degree; max degree with highest node-id tie break
condition_3_graph_14,condition_3,on-demand,to-link-or-not/graphs/lfr/condition_3/condition_3_graph_14.json,T2,n084,84,"[{""id"": ""task-answer"", ""answer"": ""[\""n084\""]""}]",,,n002,n044,,1,"NetworkX common_neighbors(anchor A, anchor B)"
condition_3_graph_14,condition_3,on-demand,to-link-or-not/graphs/lfr/condition_3/condition_3_graph_14.json,T3,n002;n015;n019;n021;n024;n025;n032;n033;n036;n040;n041;n047;n052;n061;n064;n070;n073;n080;n084;n089;n090;n093;n103;n108;n111;n115;n116,2;15;19;21;24;25;32;33;36;40;41;47;52;61;64;70;73;80;84;89;90;93;103;108;111;115;116,"[{""id"": ""task-answer"", ""answer"": ""[\""n002\"", \""n015\"", \""n019\"", \""n021\"", \""n024\"", \""n025\"", \""n032\"", \""n033\"", \""n036\"", \""n040\"", \""n041\"", \""n047\"", \""n052\"", \""n061\"", \""n064\"", \""n070\"", \""n073\"", \""n080\"", \""n084\"", \""n089\"", \""n090\"", \""n093\"", \""n103\"", \""n108\"", \""n111\"", \""n115\"", \""n116\""]""}]",n116,116,,,0,27,largest embedded LFR community; placeholder is max-degree node inside it with highest node-id tie break
condition_3_graph_15,condition_3,on-demand,to-link-or-not/graphs/lfr/condition_3/condition_3_graph_15.json,T1,n120,120,"[{""id"": ""task-answer"", ""answer"": ""n120""}]",n120,120,,,,1,NetworkX degree; max degree with highest node-id tie break
condition_3_graph_15,condition_3,on-demand,to-link-or-not/graphs/lfr/condition_3/condition_3_graph_15.json,T2,n115,115,"[{""id"": ""task-answer"", ""answer"": ""[\""n115\""]""}]",,,n004,n085,,1,"NetworkX common_neighbors(anchor A, anchor B)"
condition_3_graph_15,condition_3,on-demand,to-link-or-not/graphs/lfr/condition_3/condition_3_graph_15.json,T3,n001;n002;n007;n009;n010;n011;n014;n016;n023;n026;n028;n029;n033;n038;n039;n040;n047;n049;n050;n054;n056;n060;n064;n066;n068;n070;n072;n073;n076;n078;n082;n087;n089;n094;n095;n101;n102;n109;n110;n114;n116,1;2;7;9;10;11;14;16;23;26;28;29;33;38;39;40;47;49;50;54;56;60;64;66;68;70;72;73;76;78;82;87;89;94;95;101;102;109;110;114;116,"[{""id"": ""task-answer"", ""answer"": ""[\""n001\"", \""n002\"", \""n007\"", \""n009\"", \""n010\"", \""n011\"", \""n014\"", \""n016\"", \""n023\"", \""n026\"", \""n028\"", \""n029\"", \""n033\"", \""n038\"", \""n039\"", \""n040\"", \""n047\"", \""n049\"", \""n050\"", \""n054\"", \""n056\"", \""n060\"", \""n064\"", \""n066\"", \""n068\"", \""n070\"", \""n072\"", \""n073\"", \""n076\"", \""n078\"", \""n082\"", \""n087\"", \""n089\"", \""n094\"", \""n095\"", \""n101\"", \""n102\"", \""n109\"", \""n110\"", \""n114\"", \""n116\""]""}]",n116,116,,,2,41,largest embedded LFR community; placeholder is max-degree node inside it with highest node-id tie break
condition_4_graph_01,condition_4,stubs,to-link-or-not/graphs/lfr/condition_4/condition_4_graph_01.json,T1,n120,120,"[{""id"": ""task-answer"", ""answer"": ""n120""}]",n120,120,,,,1,NetworkX degree; max degree with highest node-id tie break
condition_4_graph_01,condition_4,stubs,to-link-or-not/graphs/lfr/condition_4/condition_4_graph_01.json,T2,n109,109,"[{""id"": ""task-answer"", ""answer"": ""[\""n109\""]""}]",,,n001,n036,,1,"NetworkX common_neighbors(anchor A, anchor B)"
condition_4_graph_01,condition_4,stubs,to-link-or-not/graphs/lfr/condition_4/condition_4_graph_01.json,T3,n002;n004;n008;n013;n016;n020;n022;n023;n025;n027;n033;n034;n039;n040;n044;n053;n055;n060;n064;n073;n074;n077;n080;n082;n096;n097;n100;n108;n114;n120,2;4;8;13;16;20;22;23;25;27;33;34;39;40;44;53;55;60;64;73;74;77;80;82;96;97;100;108;114;120,"[{""id"": ""task-answer"", ""answer"": ""[\""n002\"", \""n004\"", \""n008\"", \""n013\"", \""n016\"", \""n020\"", \""n022\"", \""n023\"", \""n025\"", \""n027\"", \""n033\"", \""n034\"", \""n039\"", \""n040\"", \""n044\"", \""n053\"", \""n055\"", \""n060\"", \""n064\"", \""n073\"", \""n074\"", \""n077\"", \""n080\"", \""n082\"", \""n096\"", \""n097\"", \""n100\"", \""n108\"", \""n114\"", \""n120\""]""}]",n120,120,,,2,30,largest embedded LFR community; placeholder is max-degree node inside it with highest node-id tie break
condition_4_graph_02,condition_4,stubs,to-link-or-not/graphs/lfr/condition_4/condition_4_graph_02.json,T1,n120,120,"[{""id"": ""task-answer"", ""answer"": ""n120""}]",n120,120,,,,1,NetworkX degree; max degree with highest node-id tie break
condition_4_graph_02,condition_4,stubs,to-link-or-not/graphs/lfr/condition_4/condition_4_graph_02.json,T2,n014,14,"[{""id"": ""task-answer"", ""answer"": ""[\""n014\""]""}]",,,n001,n002,,1,"NetworkX common_neighbors(anchor A, anchor B)"
condition_4_graph_02,condition_4,stubs,to-link-or-not/graphs/lfr/condition_4/condition_4_graph_02.json,T3,n001;n004;n006;n008;n009;n010;n012;n013;n014;n017;n018;n023;n025;n026;n028;n032;n035;n037;n038;n042;n043;n044;n047;n048;n049;n051;n056;n057;n061;n063;n064;n066;n067;n069;n072;n073;n080;n087;n091;n094;n096;n097;n099;n100;n101;n103;n105;n112;n118,1;4;6;8;9;10;12;13;14;17;18;23;25;26;28;32;35;37;38;42;43;44;47;48;49;51;56;57;61;63;64;66;67;69;72;73;80;87;91;94;96;97;99;100;101;103;105;112;118,"[{""id"": ""task-answer"", ""answer"": ""[\""n001\"", \""n004\"", \""n006\"", \""n008\"", \""n009\"", \""n010\"", \""n012\"", \""n013\"", \""n014\"", \""n017\"", \""n018\"", \""n023\"", \""n025\"", \""n026\"", \""n028\"", \""n032\"", \""n035\"", \""n037\"", \""n038\"", \""n042\"", \""n043\"", \""n044\"", \""n047\"", \""n048\"", \""n049\"", \""n051\"", \""n056\"", \""n057\"", \""n061\"", \""n063\"", \""n064\"", \""n066\"", \""n067\"", \""n069\"", \""n072\"", \""n073\"", \""n080\"", \""n087\"", \""n091\"", \""n094\"", \""n096\"", \""n097\"", \""n099\"", \""n100\"", \""n101\"", \""n103\"", \""n105\"", \""n112\"", \""n118\""]""}]",n118,118,,,0,49,largest embedded LFR community; placeholder is max-degree node inside it with highest node-id tie break
condition_4_graph_03,condition_4,stubs,to-link-or-not/graphs/lfr/condition_4/condition_4_graph_03.json,T1,n120,120,"[{""id"": ""task-answer"", ""answer"": ""n120""}]",n120,120,,,,1,NetworkX degree; max degree with highest node-id tie break
condition_4_graph_03,condition_4,stubs,to-link-or-not/graphs/lfr/condition_4/condition_4_graph_03.json,T2,n052;n112,52;112,"[{""id"": ""task-answer"", ""answer"": ""[\""n052\"", \""n112\""]""}]",,,n006,n095,,2,"NetworkX common_neighbors(anchor A, anchor B)"
condition_4_graph_03,condition_4,stubs,to-link-or-not/graphs/lfr/condition_4/condition_4_graph_03.json,T3,n004;n007;n008;n011;n017;n021;n023;n024;n028;n031;n035;n040;n043;n056;n058;n059;n064;n066;n069;n073;n084;n088;n089;n093;n102;n103;n105;n109;n112;n118;n119,4;7;8;11;17;21;23;24;28;31;35;40;43;56;58;59;64;66;69;73;84;88;89;93;102;103;105;109;112;118;119,"[{""id"": ""task-answer"", ""answer"": ""[\""n004\"", \""n007\"", \""n008\"", \""n011\"", \""n017\"", \""n021\"", \""n023\"", \""n024\"", \""n028\"", \""n031\"", \""n035\"", \""n040\"", \""n043\"", \""n056\"", \""n058\"", \""n059\"", \""n064\"", \""n066\"", \""n069\"", \""n073\"", \""n084\"", \""n088\"", \""n089\"", \""n093\"", \""n102\"", \""n103\"", \""n105\"", \""n109\"", \""n112\"", \""n118\"", \""n119\""]""}]",n119,119,,,3,31,largest embedded LFR community; placeholder is max-degree node inside it with highest node-id tie break
condition_4_graph_04,condition_4,stubs,to-link-or-not/graphs/lfr/condition_4/condition_4_graph_04.json,T1,n120,120,"[{""id"": ""task-answer"", ""answer"": ""n120""}]",n120,120,,,,1,NetworkX degree; max degree with highest node-id tie break
condition_4_graph_04,condition_4,stubs,to-link-or-not/graphs/lfr/condition_4/condition_4_graph_04.json,T2,n082,82,"[{""id"": ""task-answer"", ""answer"": ""[\""n082\""]""}]",,,n003,n001,,1,"NetworkX common_neighbors(anchor A, anchor B)"
condition_4_graph_04,condition_4,stubs,to-link-or-not/graphs/lfr/condition_4/condition_4_graph_04.json,T3,n007;n011;n014;n015;n021;n023;n024;n032;n035;n037;n038;n040;n046;n050;n060;n061;n062;n064;n067;n068;n070;n072;n077;n080;n081;n086;n087;n096;n099;n108;n110;n112;n113;n115;n116;n118;n119;n120,7;11;14;15;21;23;24;32;35;37;38;40;46;50;60;61;62;64;67;68;70;72;77;80;81;86;87;96;99;108;110;112;113;115;116;118;119;120,"[{""id"": ""task-answer"", ""answer"": ""[\""n007\"", \""n011\"", \""n014\"", \""n015\"", \""n021\"", \""n023\"", \""n024\"", \""n032\"", \""n035\"", \""n037\"", \""n038\"", \""n040\"", \""n046\"", \""n050\"", \""n060\"", \""n061\"", \""n062\"", \""n064\"", \""n067\"", \""n068\"", \""n070\"", \""n072\"", \""n077\"", \""n080\"", \""n081\"", \""n086\"", \""n087\"", \""n096\"", \""n099\"", \""n108\"", \""n110\"", \""n112\"", \""n113\"", \""n115\"", \""n116\"", \""n118\"", \""n119\"", \""n120\""]""}]",n120,120,,,3,38,largest embedded LFR community; placeholder is max-degree node inside it with highest node-id tie break
condition_4_graph_05,condition_4,stubs,to-link-or-not/graphs/lfr/condition_4/condition_4_graph_05.json,T1,n120,120,"[{""id"": ""task-answer"", ""answer"": ""n120""}]",n120,120,,,,1,NetworkX degree; max degree with highest node-id tie break
condition_4_graph_05,condition_4,stubs,to-link-or-not/graphs/lfr/condition_4/condition_4_graph_05.json,T2,n021;n108,21;108,"[{""id"": ""task-answer"", ""answer"": ""[\""n021\"", \""n108\""]""}]",,,n005,n001,,2,"NetworkX common_neighbors(anchor A, anchor B)"
condition_4_graph_05,condition_4,stubs,to-link-or-not/graphs/lfr/condition_4/condition_4_graph_05.json,T3,n003;n004;n009;n010;n012;n023;n025;n028;n031;n046;n047;n050;n054;n055;n058;n063;n066;n077;n082;n089;n095;n097;n101;n102;n104;n107;n113;n115;n119;n120,3;4;9;10;12;23;25;28;31;46;47;50;54;55;58;63;66;77;82;89;95;97;101;102;104;107;113;115;119;120,"[{""id"": ""task-answer"", ""answer"": ""[\""n003\"", \""n004\"", \""n009\"", \""n010\"", \""n012\"", \""n023\"", \""n025\"", \""n028\"", \""n031\"", \""n046\"", \""n047\"", \""n050\"", \""n054\"", \""n055\"", \""n058\"", \""n063\"", \""n066\"", \""n077\"", \""n082\"", \""n089\"", \""n095\"", \""n097\"", \""n101\"", \""n102\"", \""n104\"", \""n107\"", \""n113\"", \""n115\"", \""n119\"", \""n120\""]""}]",n120,120,,,3,30,largest embedded LFR community; placeholder is max-degree node inside it with highest node-id tie break
condition_4_graph_06,condition_4,stubs,to-link-or-not/graphs/lfr/condition_4/condition_4_graph_06.json,T1,n120,120,"[{""id"": ""task-answer"", ""answer"": ""n120""}]",n120,120,,,,1,NetworkX degree; max degree with highest node-id tie break
condition_4_graph_06,condition_4,stubs,to-link-or-not/graphs/lfr/condition_4/condition_4_graph_06.json,T2,n106,106,"[{""id"": ""task-answer"", ""answer"": ""[\""n106\""]""}]",,,n009,n031,,1,"NetworkX common_neighbors(anchor A, anchor B)"
condition_4_graph_06,condition_4,stubs,to-link-or-not/graphs/lfr/condition_4/condition_4_graph_06.json,T3,n004;n007;n008;n011;n012;n014;n016;n019;n036;n043;n051;n052;n054;n059;n066;n067;n071;n072;n073;n074;n075;n088;n090;n093;n095;n097;n101;n104;n110;n111;n115;n120,4;7;8;11;12;14;16;19;36;43;51;52;54;59;66;67;71;72;73;74;75;88;90;93;95;97;101;104;110;111;115;120,"[{""id"": ""task-answer"", ""answer"": ""[\""n004\"", \""n007\"", \""n008\"", \""n011\"", \""n012\"", \""n014\"", \""n016\"", \""n019\"", \""n036\"", \""n043\"", \""n051\"", \""n052\"", \""n054\"", \""n059\"", \""n066\"", \""n067\"", \""n071\"", \""n072\"", \""n073\"", \""n074\"", \""n075\"", \""n088\"", \""n090\"", \""n093\"", \""n095\"", \""n097\"", \""n101\"", \""n104\"", \""n110\"", \""n111\"", \""n115\"", \""n120\""]""}]",n120,120,,,2,32,largest embedded LFR community; placeholder is max-degree node inside it with highest node-id tie break
condition_4_graph_07,condition_4,stubs,to-link-or-not/graphs/lfr/condition_4/condition_4_graph_07.json,T1,n120,120,"[{""id"": ""task-answer"", ""answer"": ""n120""}]",n120,120,,,,1,NetworkX degree; max degree with highest node-id tie break
condition_4_graph_07,condition_4,stubs,to-link-or-not/graphs/lfr/condition_4/condition_4_graph_07.json,T2,n049,49,"[{""id"": ""task-answer"", ""answer"": ""[\""n049\""]""}]",,,n006,n013,,1,"NetworkX common_neighbors(anchor A, anchor B)"
condition_4_graph_07,condition_4,stubs,to-link-or-not/graphs/lfr/condition_4/condition_4_graph_07.json,T3,n011;n016;n017;n018;n019;n027;n028;n035;n036;n040;n048;n052;n058;n059;n061;n062;n063;n068;n069;n085;n092;n096;n101;n103;n106;n108;n119,11;16;17;18;19;27;28;35;36;40;48;52;58;59;61;62;63;68;69;85;92;96;101;103;106;108;119,"[{""id"": ""task-answer"", ""answer"": ""[\""n011\"", \""n016\"", \""n017\"", \""n018\"", \""n019\"", \""n027\"", \""n028\"", \""n035\"", \""n036\"", \""n040\"", \""n048\"", \""n052\"", \""n058\"", \""n059\"", \""n061\"", \""n062\"", \""n063\"", \""n068\"", \""n069\"", \""n085\"", \""n092\"", \""n096\"", \""n101\"", \""n103\"", \""n106\"", \""n108\"", \""n119\""]""}]",n119,119,,,3,27,largest embedded LFR community; placeholder is max-degree node inside it with highest node-id tie break
condition_4_graph_08,condition_4,stubs,to-link-or-not/graphs/lfr/condition_4/condition_4_graph_08.json,T1,n120,120,"[{""id"": ""task-answer"", ""answer"": ""n120""}]",n120,120,,,,1,NetworkX degree; max degree with highest node-id tie break
condition_4_graph_08,condition_4,stubs,to-link-or-not/graphs/lfr/condition_4/condition_4_graph_08.json,T2,n108,108,"[{""id"": ""task-answer"", ""answer"": ""[\""n108\""]""}]",,,n005,n039,,1,"NetworkX common_neighbors(anchor A, anchor B)"
condition_4_graph_08,condition_4,stubs,to-link-or-not/graphs/lfr/condition_4/condition_4_graph_08.json,T3,n005;n006;n007;n008;n013;n020;n023;n029;n035;n043;n047;n052;n054;n056;n060;n061;n063;n068;n069;n074;n075;n076;n085;n087;n091;n093;n099;n101;n109,5;6;7;8;13;20;23;29;35;43;47;52;54;56;60;61;63;68;69;74;75;76;85;87;91;93;99;101;109,"[{""id"": ""task-answer"", ""answer"": ""[\""n005\"", \""n006\"", \""n007\"", \""n008\"", \""n013\"", \""n020\"", \""n023\"", \""n029\"", \""n035\"", \""n043\"", \""n047\"", \""n052\"", \""n054\"", \""n056\"", \""n060\"", \""n061\"", \""n063\"", \""n068\"", \""n069\"", \""n074\"", \""n075\"", \""n076\"", \""n085\"", \""n087\"", \""n091\"", \""n093\"", \""n099\"", \""n101\"", \""n109\""]""}]",n109,109,,,0,29,largest embedded LFR community; placeholder is max-degree node inside it with highest node-id tie break
condition_4_graph_09,condition_4,stubs,to-link-or-not/graphs/lfr/condition_4/condition_4_graph_09.json,T1,n120,120,"[{""id"": ""task-answer"", ""answer"": ""n120""}]",n120,120,,,,1,NetworkX degree; max degree with highest node-id tie break
condition_4_graph_09,condition_4,stubs,to-link-or-not/graphs/lfr/condition_4/condition_4_graph_09.json,T2,n119,119,"[{""id"": ""task-answer"", ""answer"": ""[\""n119\""]""}]",,,n016,n009,,1,"NetworkX common_neighbors(anchor A, anchor B)"
condition_4_graph_09,condition_4,stubs,to-link-or-not/graphs/lfr/condition_4/condition_4_graph_09.json,T3,n001;n006;n009;n015;n017;n027;n028;n029;n040;n042;n044;n045;n047;n053;n055;n064;n073;n074;n078;n081;n087;n093;n099;n100;n101;n102;n104;n106;n109;n111;n112;n114;n117;n118;n120,1;6;9;15;17;27;28;29;40;42;44;45;47;53;55;64;73;74;78;81;87;93;99;100;101;102;104;106;109;111;112;114;117;118;120,"[{""id"": ""task-answer"", ""answer"": ""[\""n001\"", \""n006\"", \""n009\"", \""n015\"", \""n017\"", \""n027\"", \""n028\"", \""n029\"", \""n040\"", \""n042\"", \""n044\"", \""n045\"", \""n047\"", \""n053\"", \""n055\"", \""n064\"", \""n073\"", \""n074\"", \""n078\"", \""n081\"", \""n087\"", \""n093\"", \""n099\"", \""n100\"", \""n101\"", \""n102\"", \""n104\"", \""n106\"", \""n109\"", \""n111\"", \""n112\"", \""n114\"", \""n117\"", \""n118\"", \""n120\""]""}]",n120,120,,,1,35,largest embedded LFR community; placeholder is max-degree node inside it with highest node-id tie break
condition_4_graph_10,condition_4,stubs,to-link-or-not/graphs/lfr/condition_4/condition_4_graph_10.json,T1,n120,120,"[{""id"": ""task-answer"", ""answer"": ""n120""}]",n120,120,,,,1,NetworkX degree; max degree with highest node-id tie break
condition_4_graph_10,condition_4,stubs,to-link-or-not/graphs/lfr/condition_4/condition_4_graph_10.json,T2,n051;n117,51;117,"[{""id"": ""task-answer"", ""answer"": ""[\""n051\"", \""n117\""]""}]",,,n002,n019,,2,"NetworkX common_neighbors(anchor A, anchor B)"
condition_4_graph_10,condition_4,stubs,to-link-or-not/graphs/lfr/condition_4/condition_4_graph_10.json,T3,n001;n008;n009;n012;n017;n019;n020;n026;n028;n030;n034;n037;n042;n045;n051;n053;n055;n056;n057;n066;n068;n073;n078;n082;n084;n087;n089;n090;n091;n094;n097;n101;n110;n111;n112;n116;n119,1;8;9;12;17;19;20;26;28;30;34;37;42;45;51;53;55;56;57;66;68;73;78;82;84;87;89;90;91;94;97;101;110;111;112;116;119,"[{""id"": ""task-answer"", ""answer"": ""[\""n001\"", \""n008\"", \""n009\"", \""n012\"", \""n017\"", \""n019\"", \""n020\"", \""n026\"", \""n028\"", \""n030\"", \""n034\"", \""n037\"", \""n042\"", \""n045\"", \""n051\"", \""n053\"", \""n055\"", \""n056\"", \""n057\"", \""n066\"", \""n068\"", \""n073\"", \""n078\"", \""n082\"", \""n084\"", \""n087\"", \""n089\"", \""n090\"", \""n091\"", \""n094\"", \""n097\"", \""n101\"", \""n110\"", \""n111\"", \""n112\"", \""n116\"", \""n119\""]""}]",n119,119,,,1,37,largest embedded LFR community; placeholder is max-degree node inside it with highest node-id tie break
condition_4_graph_11,condition_4,stubs,to-link-or-not/graphs/lfr/condition_4/condition_4_graph_11.json,T1,n120,120,"[{""id"": ""task-answer"", ""answer"": ""n120""}]",n120,120,,,,1,NetworkX degree; max degree with highest node-id tie break
condition_4_graph_11,condition_4,stubs,to-link-or-not/graphs/lfr/condition_4/condition_4_graph_11.json,T2,n100,100,"[{""id"": ""task-answer"", ""answer"": ""[\""n100\""]""}]",,,n006,n005,,1,"NetworkX common_neighbors(anchor A, anchor B)"
condition_4_graph_11,condition_4,stubs,to-link-or-not/graphs/lfr/condition_4/condition_4_graph_11.json,T3,n003;n008;n010;n012;n017;n019;n023;n035;n036;n050;n056;n062;n066;n071;n078;n080;n082;n089;n092;n098;n106;n112;n113;n114;n115;n117;n118;n119,3;8;10;12;17;19;23;35;36;50;56;62;66;71;78;80;82;89;92;98;106;112;113;114;115;117;118;119,"[{""id"": ""task-answer"", ""answer"": ""[\""n003\"", \""n008\"", \""n010\"", \""n012\"", \""n017\"", \""n019\"", \""n023\"", \""n035\"", \""n036\"", \""n050\"", \""n056\"", \""n062\"", \""n066\"", \""n071\"", \""n078\"", \""n080\"", \""n082\"", \""n089\"", \""n092\"", \""n098\"", \""n106\"", \""n112\"", \""n113\"", \""n114\"", \""n115\"", \""n117\"", \""n118\"", \""n119\""]""}]",n119,119,,,2,28,largest embedded LFR community; placeholder is max-degree node inside it with highest node-id tie break
condition_4_graph_12,condition_4,stubs,to-link-or-not/graphs/lfr/condition_4/condition_4_graph_12.json,T1,n120,120,"[{""id"": ""task-answer"", ""answer"": ""n120""}]",n120,120,,,,1,NetworkX degree; max degree with highest node-id tie break
condition_4_graph_12,condition_4,stubs,to-link-or-not/graphs/lfr/condition_4/condition_4_graph_12.json,T2,n115,115,"[{""id"": ""task-answer"", ""answer"": ""[\""n115\""]""}]",,,n012,n026,,1,"NetworkX common_neighbors(anchor A, anchor B)"
condition_4_graph_12,condition_4,stubs,to-link-or-not/graphs/lfr/condition_4/condition_4_graph_12.json,T3,n002;n005;n007;n011;n014;n015;n016;n020;n023;n029;n031;n034;n037;n039;n041;n044;n045;n046;n047;n049;n053;n056;n057;n058;n061;n068;n069;n073;n074;n075;n078;n079;n081;n082;n085;n087;n088;n090;n097;n098;n099;n104;n105;n106;n107;n110;n111;n112;n120,2;5;7;11;14;15;16;20;23;29;31;34;37;39;41;44;45;46;47;49;53;56;57;58;61;68;69;73;74;75;78;79;81;82;85;87;88;90;97;98;99;104;105;106;107;110;111;112;120,"[{""id"": ""task-answer"", ""answer"": ""[\""n002\"", \""n005\"", \""n007\"", \""n011\"", \""n014\"", \""n015\"", \""n016\"", \""n020\"", \""n023\"", \""n029\"", \""n031\"", \""n034\"", \""n037\"", \""n039\"", \""n041\"", \""n044\"", \""n045\"", \""n046\"", \""n047\"", \""n049\"", \""n053\"", \""n056\"", \""n057\"", \""n058\"", \""n061\"", \""n068\"", \""n069\"", \""n073\"", \""n074\"", \""n075\"", \""n078\"", \""n079\"", \""n081\"", \""n082\"", \""n085\"", \""n087\"", \""n088\"", \""n090\"", \""n097\"", \""n098\"", \""n099\"", \""n104\"", \""n105\"", \""n106\"", \""n107\"", \""n110\"", \""n111\"", \""n112\"", \""n120\""]""}]",n120,120,,,2,49,largest embedded LFR community; placeholder is max-degree node inside it with highest node-id tie break
condition_4_graph_13,condition_4,stubs,to-link-or-not/graphs/lfr/condition_4/condition_4_graph_13.json,T1,n120,120,"[{""id"": ""task-answer"", ""answer"": ""n120""}]",n120,120,,,,1,NetworkX degree; max degree with highest node-id tie break
condition_4_graph_13,condition_4,stubs,to-link-or-not/graphs/lfr/condition_4/condition_4_graph_13.json,T2,n055,55,"[{""id"": ""task-answer"", ""answer"": ""[\""n055\""]""}]",,,n019,n075,,1,"NetworkX common_neighbors(anchor A, anchor B)"
condition_4_graph_13,condition_4,stubs,to-link-or-not/graphs/lfr/condition_4/condition_4_graph_13.json,T3,n006;n007;n009;n010;n011;n012;n013;n016;n018;n020;n025;n037;n044;n048;n050;n060;n069;n071;n072;n078;n082;n084;n085;n089;n090;n091;n094;n098;n099;n104;n109;n112;n113;n116;n119;n120,6;7;9;10;11;12;13;16;18;20;25;37;44;48;50;60;69;71;72;78;82;84;85;89;90;91;94;98;99;104;109;112;113;116;119;120,"[{""id"": ""task-answer"", ""answer"": ""[\""n006\"", \""n007\"", \""n009\"", \""n010\"", \""n011\"", \""n012\"", \""n013\"", \""n016\"", \""n018\"", \""n020\"", \""n025\"", \""n037\"", \""n044\"", \""n048\"", \""n050\"", \""n060\"", \""n069\"", \""n071\"", \""n072\"", \""n078\"", \""n082\"", \""n084\"", \""n085\"", \""n089\"", \""n090\"", \""n091\"", \""n094\"", \""n098\"", \""n099\"", \""n104\"", \""n109\"", \""n112\"", \""n113\"", \""n116\"", \""n119\"", \""n120\""]""}]",n120,120,,,2,36,largest embedded LFR community; placeholder is max-degree node inside it with highest node-id tie break
condition_4_graph_14,condition_4,stubs,to-link-or-not/graphs/lfr/condition_4/condition_4_graph_14.json,T1,n120,120,"[{""id"": ""task-answer"", ""answer"": ""n120""}]",n120,120,,,,1,NetworkX degree; max degree with highest node-id tie break
condition_4_graph_14,condition_4,stubs,to-link-or-not/graphs/lfr/condition_4/condition_4_graph_14.json,T2,n110,110,"[{""id"": ""task-answer"", ""answer"": ""[\""n110\""]""}]",,,n003,n033,,1,"NetworkX common_neighbors(anchor A, anchor B)"
condition_4_graph_14,condition_4,stubs,to-link-or-not/graphs/lfr/condition_4/condition_4_graph_14.json,T3,n003;n005;n006;n007;n009;n015;n019;n022;n025;n027;n028;n029;n030;n031;n037;n043;n053;n058;n059;n064;n066;n067;n074;n080;n083;n084;n085;n088;n099;n104;n109;n110;n111;n114,3;5;6;7;9;15;19;22;25;27;28;29;30;31;37;43;53;58;59;64;66;67;74;80;83;84;85;88;99;104;109;110;111;114,"[{""id"": ""task-answer"", ""answer"": ""[\""n003\"", \""n005\"", \""n006\"", \""n007\"", \""n009\"", \""n015\"", \""n019\"", \""n022\"", \""n025\"", \""n027\"", \""n028\"", \""n029\"", \""n030\"", \""n031\"", \""n037\"", \""n043\"", \""n053\"", \""n058\"", \""n059\"", \""n064\"", \""n066\"", \""n067\"", \""n074\"", \""n080\"", \""n083\"", \""n084\"", \""n085\"", \""n088\"", \""n099\"", \""n104\"", \""n109\"", \""n110\"", \""n111\"", \""n114\""]""}]",n114,114,,,0,34,largest embedded LFR community; placeholder is max-degree node inside it with highest node-id tie break
condition_4_graph_15,condition_4,stubs,to-link-or-not/graphs/lfr/condition_4/condition_4_graph_15.json,T1,n120,120,"[{""id"": ""task-answer"", ""answer"": ""n120""}]",n120,120,,,,1,NetworkX degree; max degree with highest node-id tie break
condition_4_graph_15,condition_4,stubs,to-link-or-not/graphs/lfr/condition_4/condition_4_graph_15.json,T2,n066,66,"[{""id"": ""task-answer"", ""answer"": ""[\""n066\""]""}]",,,n002,n076,,1,"NetworkX common_neighbors(anchor A, anchor B)"
condition_4_graph_15,condition_4,stubs,to-link-or-not/graphs/lfr/condition_4/condition_4_graph_15.json,T3,n004;n019;n023;n025;n033;n038;n041;n044;n047;n048;n050;n052;n057;n068;n069;n071;n084;n089;n092;n093;n096;n097;n102;n103;n105;n118;n119,4;19;23;25;33;38;41;44;47;48;50;52;57;68;69;71;84;89;92;93;96;97;102;103;105;118;119,"[{""id"": ""task-answer"", ""answer"": ""[\""n004\"", \""n019\"", \""n023\"", \""n025\"", \""n033\"", \""n038\"", \""n041\"", \""n044\"", \""n047\"", \""n048\"", \""n050\"", \""n052\"", \""n057\"", \""n068\"", \""n069\"", \""n071\"", \""n084\"", \""n089\"", \""n092\"", \""n093\"", \""n096\"", \""n097\"", \""n102\"", \""n103\"", \""n105\"", \""n118\"", \""n119\""]""}]",n119,119,,,5,27,largest embedded LFR community; placeholder is max-degree node inside it with highest node-id tie break
training-g01,training,training,to-link-or-not/graphs/training/training-g01.json,T1,hub,H,"[{""id"": ""task-answer"", ""answer"": ""hub""}]",hub,H,,,,1,NetworkX degree; max degree with highest node-id tie break
training-g01,training,training,to-link-or-not/graphs/training/training-g01.json,T2,hub,H,"[{""id"": ""task-answer"", ""answer"": ""[\""hub\""]""}]",,,a0,b0,,1,"NetworkX common_neighbors(anchor A, anchor B)"
training-g01,training,training,to-link-or-not/graphs/training/training-g01.json,T3,b0;b1;b2;b3;b4;b5,B0;B1;B2;B3;B4;B5,"[{""id"": ""task-answer"", ""answer"": ""[\""b0\"", \""b1\"", \""b2\"", \""b3\"", \""b4\"", \""b5\""]""}]",b2,B2,,,1,6,largest embedded LFR community; placeholder is max-degree node inside it with highest node-id tie break
